contig,position,raw_read_count,read_count,read_count_sd,n_subsamples,gene_ids,gene_strands
Vibrio,13,,14,,,,
Vibrio,57,,6,,,,
Vibrio,62,,3,,,,
Vibrio,65,,5,,,,
Vibrio,86,,0,,,,
Vibrio,150,,11,,,LJRIAVXO_CDS_0001,+
Vibrio,192,,0,,,LJRIAVXO_CDS_0001,+
Vibrio,213,,3,,,LJRIAVXO_CDS_0001,+
Vibrio,220,,21,,,LJRIAVXO_CDS_0001,+
Vibrio,238,,10,,,LJRIAVXO_CDS_0001,+
Vibrio,245,,11,,,LJRIAVXO_CDS_0001,+
Vibrio,259,,5,,,LJRIAVXO_CDS_0001,+
Vibrio,283,,8,,,LJRIAVXO_CDS_0001,+
Vibrio,370,,2,,,LJRIAVXO_CDS_0001,+
Vibrio,381,,1,,,LJRIAVXO_CDS_0001,+
Vibrio,420,,5,,,LJRIAVXO_CDS_0001,+
Vibrio,423,,8,,,LJRIAVXO_CDS_0001,+
Vibrio,429,,6,,,LJRIAVXO_CDS_0001,+
Vibrio,435,,3,,,LJRIAVXO_CDS_0001,+
Vibrio,448,,3,,,LJRIAVXO_CDS_0001,+
Vibrio,479,,5,,,LJRIAVXO_CDS_0001,+
Vibrio,501,,4,,,LJRIAVXO_CDS_0001,+
Vibrio,531,,0,,,LJRIAVXO_CDS_0001,+
Vibrio,604,,6,,,LJRIAVXO_CDS_0001,+
Vibrio,670,,5,,,LJRIAVXO_CDS_0001,+
Vibrio,675,,2,,,LJRIAVXO_CDS_0001,+
Vibrio,703,,0,,,LJRIAVXO_CDS_0001,+
Vibrio,737,,4,,,LJRIAVXO_CDS_0001;LJRIAVXO_CDS_0002,+;+
Vibrio,762,,0,,,LJRIAVXO_CDS_0002,+
Vibrio,848,,0,,,LJRIAVXO_CDS_0002,+
Vibrio,850,,0,,,LJRIAVXO_CDS_0002,+
Vibrio,861,,0,,,LJRIAVXO_CDS_0002,+
Vibrio,876,,0,,,LJRIAVXO_CDS_0002,+
Vibrio,889,,0,,,LJRIAVXO_CDS_0002,+
Vibrio,906,,0,,,LJRIAVXO_CDS_0002,+
Vibrio,950,,0,,,LJRIAVXO_CDS_0002,+
Vibrio,1010,,0,,,LJRIAVXO_CDS_0002,+
Vibrio,1016,,2,,,LJRIAVXO_CDS_0002,+
Vibrio,1033,,0,,,LJRIAVXO_CDS_0002,+
Vibrio,1068,,0,,,LJRIAVXO_CDS_0002,+
Vibrio,1088,,0,,,LJRIAVXO_CDS_0002,+
Vibrio,1121,,0,,,LJRIAVXO_CDS_0002,+
Vibrio,1145,,0,,,LJRIAVXO_CDS_0002,+
Vibrio,1171,,0,,,LJRIAVXO_CDS_0002,+
Vibrio,1196,,0,,,LJRIAVXO_CDS_0002,+
Vibrio,1227,,0,,,LJRIAVXO_CDS_0002,+
Vibrio,1276,,0,,,LJRIAVXO_CDS_0002,+
Vibrio,1287,,0,,,LJRIAVXO_CDS_0002,+
Vibrio,1322,,0,,,LJRIAVXO_CDS_0002,+
Vibrio,1337,,0,,,LJRIAVXO_CDS_0002,+
Vibrio,1373,,0,,,LJRIAVXO_CDS_0002,+
Vibrio,1376,,0,,,LJRIAVXO_CDS_0002,+
Vibrio,1388,,0,,,LJRIAVXO_CDS_0002,+
Vibrio,1401,,0,,,LJRIAVXO_CDS_0002,+
Vibrio,1403,,0,,,LJRIAVXO_CDS_0002,+
Vibrio,1412,,0,,,LJRIAVXO_CDS_0002,+
Vibrio,1440,,0,,,LJRIAVXO_CDS_0002,+
Vibrio,1443,,4,,,LJRIAVXO_CDS_0002,+
Vibrio,1449,,0,,,LJRIAVXO_CDS_0002,+
Vibrio,1482,,0,,,LJRIAVXO_CDS_0002,+
Vibrio,1526,,0,,,LJRIAVXO_CDS_0002,+
Vibrio,1532,,0,,,LJRIAVXO_CDS_0002,+
Vibrio,1537,,0,,,LJRIAVXO_CDS_0002,+
Vibrio,1563,,0,,,LJRIAVXO_CDS_0002,+
Vibrio,1585,,0,,,LJRIAVXO_CDS_0002,+
Vibrio,1590,,4,,,LJRIAVXO_CDS_0002,+
Vibrio,1619,,1,,,LJRIAVXO_CDS_0002,+
Vibrio,1633,,0,,,LJRIAVXO_CDS_0002,+
Vibrio,1637,,0,,,LJRIAVXO_CDS_0002,+
Vibrio,1647,,0,,,LJRIAVXO_CDS_0002,+
Vibrio,1661,,0,,,LJRIAVXO_CDS_0002,+
Vibrio,1688,,5,,,LJRIAVXO_CDS_0002,+
Vibrio,1728,,0,,,LJRIAVXO_CDS_0002,+
Vibrio,1731,,0,,,LJRIAVXO_CDS_0002,+
Vibrio,1764,,0,,,LJRIAVXO_CDS_0002,+
Vibrio,1767,,0,,,LJRIAVXO_CDS_0002,+
Vibrio,1784,,0,,,LJRIAVXO_CDS_0002,+
Vibrio,1807,,0,,,LJRIAVXO_CDS_0002,+
Vibrio,1829,,0,,,LJRIAVXO_CDS_0002,+
Vibrio,1842,,0,,,LJRIAVXO_CDS_0002,+
Vibrio,1856,,0,,,LJRIAVXO_CDS_0002,+
Vibrio,1865,,0,,,LJRIAVXO_CDS_0002,+
Vibrio,1874,,0,,,LJRIAVXO_CDS_0002,+
Vibrio,1883,,0,,,LJRIAVXO_CDS_0002,+
Vibrio,1921,,0,,,LJRIAVXO_CDS_0002,+
Vibrio,1954,,0,,,LJRIAVXO_CDS_0002,+
Vibrio,1957,,0,,,LJRIAVXO_CDS_0002,+
Vibrio,1968,,0,,,LJRIAVXO_CDS_0002,+
Vibrio,2001,,0,,,LJRIAVXO_CDS_0002,+
Vibrio,2039,,0,,,LJRIAVXO_CDS_0002,+
Vibrio,2050,,0,,,LJRIAVXO_CDS_0002,+
Vibrio,2189,,0,,,LJRIAVXO_CDS_0002,+
Vibrio,2211,,0,,,LJRIAVXO_CDS_0002,+
Vibrio,2215,,0,,,LJRIAVXO_CDS_0002,+
Vibrio,2227,,6,,,LJRIAVXO_CDS_0002,+
Vibrio,2247,,0,,,LJRIAVXO_CDS_0002,+
Vibrio,2268,,10,,,LJRIAVXO_CDS_0002,+
Vibrio,2276,,0,,,LJRIAVXO_CDS_0002,+
Vibrio,2312,,0,,,LJRIAVXO_CDS_0002,+
Vibrio,2317,,0,,,LJRIAVXO_CDS_0002,+
Vibrio,2322,,0,,,LJRIAVXO_CDS_0002,+
Vibrio,2326,,0,,,LJRIAVXO_CDS_0002,+
Vibrio,2347,,0,,,LJRIAVXO_CDS_0002,+
Vibrio,2350,,0,,,LJRIAVXO_CDS_0002,+
Vibrio,2355,,0,,,LJRIAVXO_CDS_0002,+
Vibrio,2414,,0,,,LJRIAVXO_CDS_0002,+
Vibrio,2425,,0,,,LJRIAVXO_CDS_0002,+
Vibrio,2430,,0,,,LJRIAVXO_CDS_0002,+
Vibrio,2440,,4,,,,
Vibrio,2463,,15,,,LJRIAVXO_CDS_0003,+
Vibrio,2520,,0,,,LJRIAVXO_CDS_0003,+
Vibrio,2530,,4,,,LJRIAVXO_CDS_0003,+
Vibrio,2567,,16,,,LJRIAVXO_CDS_0003,+
Vibrio,2645,,0,,,LJRIAVXO_CDS_0003,+
Vibrio,2664,,0,,,LJRIAVXO_CDS_0003,+
Vibrio,2699,,2,,,LJRIAVXO_CDS_0003,+
Vibrio,2721,,8,,,LJRIAVXO_CDS_0003,+
Vibrio,2750,,0,,,LJRIAVXO_CDS_0003,+
Vibrio,2773,,0,,,LJRIAVXO_CDS_0003,+
Vibrio,2793,,3,,,LJRIAVXO_CDS_0003,+
Vibrio,2804,,0,,,LJRIAVXO_CDS_0003,+
Vibrio,2821,,4,,,LJRIAVXO_CDS_0003,+
Vibrio,2839,,2,,,LJRIAVXO_CDS_0003,+
Vibrio,2850,,0,,,LJRIAVXO_CDS_0003,+
Vibrio,2891,,6,,,LJRIAVXO_CDS_0003,+
Vibrio,2923,,13,,,LJRIAVXO_CDS_0003,+
Vibrio,2955,,5,,,LJRIAVXO_CDS_0003,+
Vibrio,2962,,15,,,LJRIAVXO_CDS_0003,+
Vibrio,2995,,3,,,LJRIAVXO_CDS_0003,+
Vibrio,3054,,0,,,LJRIAVXO_CDS_0003,+
Vibrio,3071,,0,,,LJRIAVXO_CDS_0003,+
Vibrio,3106,,7,,,LJRIAVXO_CDS_0003,+
Vibrio,3143,,1,,,LJRIAVXO_CDS_0003,+
Vibrio,3150,,6,,,LJRIAVXO_CDS_0003,+
Vibrio,3197,,33,,,LJRIAVXO_CDS_0003,+
Vibrio,3220,,0,,,LJRIAVXO_CDS_0003,+
Vibrio,3223,,3,,,LJRIAVXO_CDS_0003,+
Vibrio,3238,,0,,,LJRIAVXO_CDS_0003,+
Vibrio,3243,,6,,,LJRIAVXO_CDS_0003,+
Vibrio,3311,,1,,,LJRIAVXO_CDS_0003,+
Vibrio,3315,,0,,,LJRIAVXO_CDS_0003,+
Vibrio,3328,,7,,,LJRIAVXO_CDS_0003,+
Vibrio,3341,,3,,,LJRIAVXO_CDS_0003,+
Vibrio,3432,,7,,,LJRIAVXO_CDS_0003,+
Vibrio,3538,,0,,,LJRIAVXO_CDS_0003,+
Vibrio,3541,,4,,,LJRIAVXO_CDS_0003,+
Vibrio,3545,,0,,,LJRIAVXO_CDS_0003,+
Vibrio,3604,,0,,,LJRIAVXO_CDS_0003,+
Vibrio,3638,,4,,,LJRIAVXO_CDS_0003,+
Vibrio,3647,,0,,,LJRIAVXO_CDS_0003,+
Vibrio,3690,,8,,,LJRIAVXO_CDS_0003,+
Vibrio,3713,,0,,,LJRIAVXO_CDS_0003,+
Vibrio,3722,,12,,,LJRIAVXO_CDS_0003,+
Vibrio,3726,,5,,,LJRIAVXO_CDS_0003,+
Vibrio,3769,,8,,,LJRIAVXO_CDS_0003,+
Vibrio,3771,,0,,,LJRIAVXO_CDS_0003,+
Vibrio,3837,,0,,,LJRIAVXO_CDS_0003,+
Vibrio,3899,,2,,,LJRIAVXO_CDS_0003,+
Vibrio,3920,,3,,,LJRIAVXO_CDS_0003,+
Vibrio,3938,,2,,,LJRIAVXO_CDS_0003,+
Vibrio,3948,,10,,,LJRIAVXO_CDS_0003,+
Vibrio,3966,,3,,,LJRIAVXO_CDS_0003,+
Vibrio,4053,,0,,,LJRIAVXO_CDS_0003,+
Vibrio,4071,,0,,,LJRIAVXO_CDS_0003,+
Vibrio,4084,,0,,,LJRIAVXO_CDS_0003,+
Vibrio,4091,,2,,,LJRIAVXO_CDS_0004,+
Vibrio,4101,,3,,,LJRIAVXO_CDS_0004,+
Vibrio,4138,,2,,,LJRIAVXO_CDS_0004,+
Vibrio,4157,,5,,,LJRIAVXO_CDS_0004,+
Vibrio,4193,,5,,,LJRIAVXO_CDS_0004,+
Vibrio,4197,,9,,,LJRIAVXO_CDS_0004,+
Vibrio,4199,,3,,,LJRIAVXO_CDS_0004,+
Vibrio,4234,,3,,,LJRIAVXO_CDS_0004,+
Vibrio,4286,,7,,,LJRIAVXO_CDS_0004,+
Vibrio,4294,,1,,,LJRIAVXO_CDS_0004,+
Vibrio,4296,,4,,,LJRIAVXO_CDS_0004,+
Vibrio,4311,,21,,,LJRIAVXO_CDS_0004,+
Vibrio,4314,,3,,,,
Vibrio,4318,,5,,,,
Vibrio,4325,,3,,,,
Vibrio,4331,,0,,,LJRIAVXO_CDS_0005,+
Vibrio,4460,,0,,,LJRIAVXO_CDS_0005,+
Vibrio,4479,,2,,,LJRIAVXO_CDS_0005,+
Vibrio,4489,,0,,,LJRIAVXO_CDS_0005,+
Vibrio,4512,,0,,,LJRIAVXO_CDS_0005,+
Vibrio,4529,,0,,,LJRIAVXO_CDS_0005,+
Vibrio,4533,,8,,,LJRIAVXO_CDS_0005,+
Vibrio,4547,,0,,,LJRIAVXO_CDS_0005,+
Vibrio,4574,,17,,,LJRIAVXO_CDS_0005;LJRIAVXO_CDS_0006,+;+
Vibrio,4581,,0,,,LJRIAVXO_CDS_0005;LJRIAVXO_CDS_0006,+;+
Vibrio,4607,,0,,,LJRIAVXO_CDS_0006,+
Vibrio,4743,,2,,,LJRIAVXO_CDS_0006,+
Vibrio,4819,,11,,,LJRIAVXO_CDS_0006,+
Vibrio,4929,,3,,,LJRIAVXO_CDS_0006,+
Vibrio,4933,,4,,,LJRIAVXO_CDS_0006,+
Vibrio,4994,,5,,,LJRIAVXO_CDS_0006,+
Vibrio,5020,,6,,,LJRIAVXO_CDS_0006,+
Vibrio,5030,,3,,,LJRIAVXO_CDS_0006,+
Vibrio,5040,,6,,,LJRIAVXO_CDS_0006,+
Vibrio,5045,,2,,,LJRIAVXO_CDS_0006,+
Vibrio,5075,,2,,,LJRIAVXO_CDS_0006,+
Vibrio,5113,,0,,,LJRIAVXO_CDS_0006,+
Vibrio,5127,,0,,,LJRIAVXO_CDS_0006,+
Vibrio,5196,,3,,,LJRIAVXO_CDS_0006,+
Vibrio,5208,,10,,,LJRIAVXO_CDS_0006,+
Vibrio,5231,,8,,,LJRIAVXO_CDS_0006,+
Vibrio,5362,,6,,,LJRIAVXO_CDS_0006,+
Vibrio,5417,,10,,,LJRIAVXO_CDS_0006,+
Vibrio,5437,,5,,,LJRIAVXO_CDS_0006,+
Vibrio,5443,,1,,,,
Vibrio,5470,,12,,,,
Vibrio,5475,,0,,,,
Vibrio,5477,,0,,,,
Vibrio,5483,,2,,,,
Vibrio,5486,,3,,,,
Vibrio,5490,,0,,,,
Vibrio,5515,,5,,,,
Vibrio,5550,,3,,,,
Vibrio,5567,,0,,,,
Vibrio,5580,,0,,,,
Vibrio,5583,,0,,,,
Vibrio,5594,,2,,,,
Vibrio,5602,,0,,,,
Vibrio,5614,,0,,,LJRIAVXO_CDS_0007,+
Vibrio,5621,,0,,,LJRIAVXO_CDS_0007,+
Vibrio,5654,,0,,,LJRIAVXO_CDS_0007,+
Vibrio,5671,,0,,,LJRIAVXO_CDS_0007,+
Vibrio,5679,,0,,,LJRIAVXO_CDS_0007,+
Vibrio,5696,,0,,,LJRIAVXO_CDS_0007,+
Vibrio,5720,,0,,,LJRIAVXO_CDS_0007,+
Vibrio,5733,,4,,,LJRIAVXO_CDS_0007,+
Vibrio,5782,,0,,,LJRIAVXO_CDS_0007,+
Vibrio,5807,,0,,,LJRIAVXO_CDS_0007,+
Vibrio,5843,,0,,,LJRIAVXO_CDS_0007,+
Vibrio,5847,,0,,,LJRIAVXO_CDS_0007,+
Vibrio,5879,,0,,,LJRIAVXO_CDS_0007,+
Vibrio,5888,,0,,,LJRIAVXO_CDS_0007,+
Vibrio,5896,,0,,,LJRIAVXO_CDS_0007,+
Vibrio,5900,,0,,,LJRIAVXO_CDS_0007,+
Vibrio,5909,,0,,,LJRIAVXO_CDS_0007,+
Vibrio,5975,,0,,,LJRIAVXO_CDS_0007,+
Vibrio,5978,,0,,,LJRIAVXO_CDS_0007,+
Vibrio,5988,,0,,,LJRIAVXO_CDS_0007,+
Vibrio,5993,,0,,,LJRIAVXO_CDS_0007,+
Vibrio,6002,,0,,,LJRIAVXO_CDS_0007,+
Vibrio,6020,,0,,,LJRIAVXO_CDS_0007,+
Vibrio,6070,,0,,,LJRIAVXO_CDS_0007,+
Vibrio,6107,,11,,,LJRIAVXO_CDS_0007,+
Vibrio,6126,,3,,,LJRIAVXO_CDS_0007,+
Vibrio,6178,,0,,,LJRIAVXO_CDS_0007,+
Vibrio,6194,,0,,,LJRIAVXO_CDS_0007,+
Vibrio,6239,,0,,,LJRIAVXO_CDS_0007,+
Vibrio,6252,,0,,,LJRIAVXO_CDS_0007,+
Vibrio,6271,,0,,,LJRIAVXO_CDS_0007,+
Vibrio,6306,,0,,,LJRIAVXO_CDS_0007,+
Vibrio,6308,,0,,,LJRIAVXO_CDS_0007,+
Vibrio,6331,,0,,,LJRIAVXO_CDS_0007,+
Vibrio,6401,,0,,,LJRIAVXO_CDS_0007,+
Vibrio,6429,,0,,,LJRIAVXO_CDS_0007,+
Vibrio,6440,,0,,,LJRIAVXO_CDS_0007,+
Vibrio,6494,,0,,,LJRIAVXO_CDS_0007,+
Vibrio,6498,,0,,,LJRIAVXO_CDS_0007,+
Vibrio,6523,,0,,,LJRIAVXO_CDS_0007,+
Vibrio,6571,,0,,,LJRIAVXO_CDS_0007,+
Vibrio,6573,,18,,,LJRIAVXO_CDS_0007,+
Vibrio,6596,,0,,,,
Vibrio,6627,,2,,,,
Vibrio,6637,,0,,,,
Vibrio,6641,,0,,,,
Vibrio,6647,,2,,,LJRIAVXO_CDS_0008,+
Vibrio,6658,,6,,,LJRIAVXO_CDS_0008,+
Vibrio,6682,,4,,,LJRIAVXO_CDS_0008,+
Vibrio,6727,,0,,,LJRIAVXO_CDS_0008,+
Vibrio,6746,,6,,,LJRIAVXO_CDS_0008,+
Vibrio,6758,,0,,,LJRIAVXO_CDS_0008,+
Vibrio,6761,,3,,,LJRIAVXO_CDS_0008,+
Vibrio,6803,,6,,,LJRIAVXO_CDS_0008,+
Vibrio,6840,,0,,,LJRIAVXO_CDS_0008,+
Vibrio,6862,,3,,,LJRIAVXO_CDS_0008,+
Vibrio,6909,,4,,,LJRIAVXO_CDS_0008,+
Vibrio,6912,,0,,,,
Vibrio,6952,,10,,,LJRIAVXO_CDS_0009,+
Vibrio,6960,,5,,,LJRIAVXO_CDS_0009,+
Vibrio,6999,,7,,,LJRIAVXO_CDS_0009,+
Vibrio,7007,,8,,,LJRIAVXO_CDS_0009,+
Vibrio,7020,,1,,,LJRIAVXO_CDS_0009,+
Vibrio,7076,,0,,,LJRIAVXO_CDS_0009,+
Vibrio,7079,,2,,,LJRIAVXO_CDS_0009,+
Vibrio,7100,,3,,,LJRIAVXO_CDS_0009,+
Vibrio,7134,,7,,,LJRIAVXO_CDS_0009,+
Vibrio,7146,,1,,,LJRIAVXO_CDS_0009,+
Vibrio,7178,,2,,,LJRIAVXO_CDS_0009,+
Vibrio,7188,,0,,,LJRIAVXO_CDS_0009,+
Vibrio,7217,,6,,,LJRIAVXO_CDS_0009,+
Vibrio,7277,,0,,,LJRIAVXO_CDS_0009,+
Vibrio,7304,,3,,,LJRIAVXO_CDS_0009,+
Vibrio,7313,,2,,,LJRIAVXO_CDS_0009,+
Vibrio,7361,,5,,,LJRIAVXO_CDS_0009,+
Vibrio,7378,,9,,,LJRIAVXO_CDS_0009,+
Vibrio,7384,,5,,,LJRIAVXO_CDS_0009,+
Vibrio,7405,,2,,,LJRIAVXO_CDS_0009,+
Vibrio,7420,,1,,,LJRIAVXO_CDS_0009,+
Vibrio,7435,,0,,,LJRIAVXO_CDS_0009,+
Vibrio,7457,,8,,,LJRIAVXO_CDS_0009,+
Vibrio,7466,,9,,,LJRIAVXO_CDS_0009,+
Vibrio,7470,,0,,,LJRIAVXO_CDS_0009,+
Vibrio,7480,,6,,,LJRIAVXO_CDS_0009,+
Vibrio,7508,,6,,,LJRIAVXO_CDS_0009,+
Vibrio,7537,,12,,,LJRIAVXO_CDS_0009,+
Vibrio,7570,,21,,,LJRIAVXO_CDS_0009,+
Vibrio,7629,,3,,,LJRIAVXO_CDS_0009,+
Vibrio,7653,,3,,,LJRIAVXO_CDS_0009,+
Vibrio,7703,,22,,,LJRIAVXO_CDS_0009;LJRIAVXO_CDS_0010,+;+
Vibrio,7707,,0,,,LJRIAVXO_CDS_0009;LJRIAVXO_CDS_0010,+;+
Vibrio,7716,,0,,,LJRIAVXO_CDS_0009;LJRIAVXO_CDS_0010,+;+
Vibrio,7754,,3,,,LJRIAVXO_CDS_0009;LJRIAVXO_CDS_0010,+;+
Vibrio,7770,,19,,,LJRIAVXO_CDS_0009;LJRIAVXO_CDS_0010,+;+
Vibrio,7788,,5,,,LJRIAVXO_CDS_0010,+
Vibrio,7806,,0,,,LJRIAVXO_CDS_0010,+
Vibrio,7823,,0,,,LJRIAVXO_CDS_0010,+
Vibrio,7855,,0,,,LJRIAVXO_CDS_0010,+
Vibrio,7864,,0,,,LJRIAVXO_CDS_0010,+
Vibrio,7880,,0,,,LJRIAVXO_CDS_0010,+
Vibrio,7893,,6,,,LJRIAVXO_CDS_0010,+
Vibrio,7897,,0,,,LJRIAVXO_CDS_0010,+
Vibrio,7929,,4,,,LJRIAVXO_CDS_0010,+
Vibrio,7936,,0,,,LJRIAVXO_CDS_0010,+
Vibrio,7942,,13,,,LJRIAVXO_CDS_0010,+
Vibrio,7965,,5,,,LJRIAVXO_CDS_0010,+
Vibrio,7991,,0,,,LJRIAVXO_CDS_0010,+
Vibrio,8003,,0,,,LJRIAVXO_CDS_0010,+
Vibrio,8084,,3,,,LJRIAVXO_CDS_0010,+
Vibrio,8090,,0,,,LJRIAVXO_CDS_0010,+
Vibrio,8134,,0,,,LJRIAVXO_CDS_0010,+
Vibrio,8137,,3,,,,
Vibrio,8198,,8,,,LJRIAVXO_CDS_0011,+
Vibrio,8235,,1,,,LJRIAVXO_CDS_0011,+
Vibrio,8256,,10,,,LJRIAVXO_CDS_0011,+
Vibrio,8268,,4,,,LJRIAVXO_CDS_0011,+
Vibrio,8281,,6,,,LJRIAVXO_CDS_0011,+
Vibrio,8300,,4,,,LJRIAVXO_CDS_0011,+
Vibrio,8332,,2,,,LJRIAVXO_CDS_0011,+
Vibrio,8335,,3,,,LJRIAVXO_CDS_0011,+
Vibrio,8351,,5,,,LJRIAVXO_CDS_0011,+
Vibrio,8358,,6,,,LJRIAVXO_CDS_0011,+
Vibrio,8365,,10,,,LJRIAVXO_CDS_0011,+
Vibrio,8401,,22,,,LJRIAVXO_CDS_0011,+
Vibrio,8427,,1,,,LJRIAVXO_CDS_0011,+
Vibrio,8434,,6,,,LJRIAVXO_CDS_0011,+
Vibrio,8456,,0,,,LJRIAVXO_CDS_0011,+
Vibrio,8463,,5,,,LJRIAVXO_CDS_0011,+
Vibrio,8500,,1,,,LJRIAVXO_CDS_0011,+
Vibrio,8522,,13,,,LJRIAVXO_CDS_0011,+
Vibrio,8557,,1,,,LJRIAVXO_CDS_0011,+
Vibrio,8567,,1,,,LJRIAVXO_CDS_0011,+
Vibrio,8585,,4,,,LJRIAVXO_CDS_0011,+
Vibrio,8589,,11,,,LJRIAVXO_CDS_0011,+
Vibrio,8609,,8,,,LJRIAVXO_CDS_0011;LJRIAVXO_CDS_0012,+;+
Vibrio,8620,,0,,,LJRIAVXO_CDS_0012,+
Vibrio,8629,,0,,,LJRIAVXO_CDS_0012,+
Vibrio,8641,,0,,,LJRIAVXO_CDS_0012,+
Vibrio,8644,,0,,,LJRIAVXO_CDS_0012,+
Vibrio,8653,,0,,,LJRIAVXO_CDS_0012,+
Vibrio,8665,,0,,,LJRIAVXO_CDS_0012,+
Vibrio,8678,,0,,,LJRIAVXO_CDS_0012,+
Vibrio,8725,,0,,,LJRIAVXO_CDS_0012,+
Vibrio,8743,,0,,,LJRIAVXO_CDS_0012,+
Vibrio,8747,,0,,,LJRIAVXO_CDS_0012,+
Vibrio,8851,,4,,,LJRIAVXO_CDS_0012,+
Vibrio,8878,,0,,,LJRIAVXO_CDS_0012,+
Vibrio,8887,,0,,,LJRIAVXO_CDS_0012,+
Vibrio,8904,,0,,,LJRIAVXO_CDS_0012,+
Vibrio,8918,,0,,,,
Vibrio,8940,,9,,,LJRIAVXO_CDS_0013,+
Vibrio,8944,,0,,,LJRIAVXO_CDS_0013,+
Vibrio,8951,,0,,,LJRIAVXO_CDS_0013,+
Vibrio,8964,,0,,,LJRIAVXO_CDS_0013,+
Vibrio,8980,,2,,,LJRIAVXO_CDS_0013,+
Vibrio,8988,,3,,,LJRIAVXO_CDS_0013,+
Vibrio,9028,,1,,,LJRIAVXO_CDS_0013,+
Vibrio,9038,,11,,,LJRIAVXO_CDS_0013,+
Vibrio,9051,,0,,,LJRIAVXO_CDS_0013,+
Vibrio,9063,,0,,,LJRIAVXO_CDS_0013,+
Vibrio,9121,,0,,,LJRIAVXO_CDS_0013,+
Vibrio,9123,,3,,,LJRIAVXO_CDS_0013,+
Vibrio,9140,,4,,,LJRIAVXO_CDS_0013,+
Vibrio,9142,,4,,,LJRIAVXO_CDS_0013,+
Vibrio,9146,,0,,,LJRIAVXO_CDS_0013,+
Vibrio,9152,,0,,,LJRIAVXO_CDS_0013,+
Vibrio,9166,,0,,,LJRIAVXO_CDS_0013,+
Vibrio,9172,,7,,,LJRIAVXO_CDS_0013,+
Vibrio,9206,,1,,,LJRIAVXO_CDS_0013,+
Vibrio,9242,,0,,,LJRIAVXO_CDS_0013,+
Vibrio,9256,,3,,,LJRIAVXO_CDS_0013,+
Vibrio,9272,,0,,,LJRIAVXO_CDS_0013,+
Vibrio,9282,,15,,,LJRIAVXO_CDS_0013,+
Vibrio,9333,,0,,,LJRIAVXO_CDS_0013,+
Vibrio,9404,,0,,,LJRIAVXO_CDS_0013,+
Vibrio,9475,,7,,,LJRIAVXO_CDS_0013,+
Vibrio,9484,,0,,,LJRIAVXO_CDS_0013,+
Vibrio,9521,,0,,,LJRIAVXO_CDS_0013,+
Vibrio,9548,,13,,,LJRIAVXO_CDS_0013,+
Vibrio,9568,,0,,,LJRIAVXO_CDS_0013,+
Vibrio,9595,,0,,,LJRIAVXO_CDS_0013,+
Vibrio,9667,,5,,,LJRIAVXO_CDS_0013,+
Vibrio,9674,,23,,,LJRIAVXO_CDS_0013,+
Vibrio,9683,,0,,,LJRIAVXO_CDS_0013,+
Vibrio,9702,,25,,,LJRIAVXO_CDS_0013,+
Vibrio,9720,,0,,,LJRIAVXO_CDS_0013,+
Vibrio,9748,,4,,,LJRIAVXO_CDS_0013,+
Vibrio,9764,,0,,,LJRIAVXO_CDS_0013,+
Vibrio,9767,,10,,,LJRIAVXO_CDS_0013,+
Vibrio,9793,,0,,,LJRIAVXO_CDS_0013,+
Vibrio,9901,,0,,,LJRIAVXO_CDS_0013,+
Vibrio,9916,,2,,,LJRIAVXO_CDS_0013,+
Vibrio,9932,,9,,,LJRIAVXO_CDS_0013,+
Vibrio,9970,,0,,,LJRIAVXO_CDS_0013,+
Vibrio,10005,,0,,,LJRIAVXO_CDS_0013,+
Vibrio,10022,,0,,,LJRIAVXO_CDS_0013,+
Vibrio,10048,,5,,,LJRIAVXO_CDS_0013,+
Vibrio,10078,,0,,,LJRIAVXO_CDS_0013,+
Vibrio,10087,,10,,,LJRIAVXO_CDS_0013,+
Vibrio,10090,,0,,,LJRIAVXO_CDS_0013,+
Vibrio,10104,,0,,,LJRIAVXO_CDS_0013,+
Vibrio,10108,,0,,,LJRIAVXO_CDS_0013,+
Vibrio,10117,,0,,,LJRIAVXO_CDS_0013,+
Vibrio,10159,,1,,,LJRIAVXO_CDS_0013,+
Vibrio,10217,,3,,,LJRIAVXO_CDS_0013,+
Vibrio,10221,,0,,,LJRIAVXO_CDS_0013,+
Vibrio,10256,,5,,,LJRIAVXO_CDS_0013,+
Vibrio,10309,,5,,,LJRIAVXO_CDS_0013,+
Vibrio,10345,,16,,,LJRIAVXO_CDS_0013,+
Vibrio,10369,,0,,,LJRIAVXO_CDS_0013,+
Vibrio,10423,,3,,,LJRIAVXO_CDS_0013,+
Vibrio,10495,,13,,,LJRIAVXO_CDS_0013,+
Vibrio,10498,,0,,,LJRIAVXO_CDS_0013,+
Vibrio,10533,,0,,,LJRIAVXO_CDS_0013,+
Vibrio,10542,,4,,,LJRIAVXO_CDS_0013,+
Vibrio,10573,,3,,,LJRIAVXO_CDS_0013,+
Vibrio,10576,,0,,,LJRIAVXO_CDS_0013,+
Vibrio,10609,,0,,,LJRIAVXO_CDS_0013,+
Vibrio,10620,,0,,,LJRIAVXO_CDS_0013,+
Vibrio,10663,,8,,,LJRIAVXO_CDS_0013,+
Vibrio,10718,,0,,,LJRIAVXO_CDS_0013,+
Vibrio,10721,,9,,,LJRIAVXO_CDS_0013,+
Vibrio,10782,,0,,,LJRIAVXO_CDS_0013,+
Vibrio,10798,,3,,,LJRIAVXO_CDS_0013,+
Vibrio,10876,,2,,,LJRIAVXO_CDS_0013,+
Vibrio,10960,,4,,,LJRIAVXO_CDS_0013,+
Vibrio,11073,,6,,,LJRIAVXO_CDS_0013,+
Vibrio,11085,,0,,,LJRIAVXO_CDS_0013,+
Vibrio,11128,,0,,,LJRIAVXO_CDS_0013,+
Vibrio,11138,,0,,,LJRIAVXO_CDS_0013,+
Vibrio,11153,,13,,,LJRIAVXO_CDS_0013,+
Vibrio,11163,,1,,,,
Vibrio,11201,,0,,,LJRIAVXO_CDS_0014,+
Vibrio,11230,,16,,,LJRIAVXO_CDS_0014,+
Vibrio,11242,,1,,,LJRIAVXO_CDS_0014,+
Vibrio,11253,,0,,,LJRIAVXO_CDS_0014,+
Vibrio,11268,,0,,,LJRIAVXO_CDS_0014,+
Vibrio,11280,,7,,,LJRIAVXO_CDS_0014,+
Vibrio,11297,,2,,,LJRIAVXO_CDS_0014,+
Vibrio,11300,,4,,,LJRIAVXO_CDS_0014,+
Vibrio,11363,,7,,,LJRIAVXO_CDS_0014,+
Vibrio,11385,,3,,,LJRIAVXO_CDS_0014,+
Vibrio,11394,,5,,,LJRIAVXO_CDS_0014,+
Vibrio,11399,,6,,,LJRIAVXO_CDS_0014,+
Vibrio,11405,,3,,,LJRIAVXO_CDS_0014,+
Vibrio,11412,,8,,,LJRIAVXO_CDS_0014,+
Vibrio,11415,,12,,,LJRIAVXO_CDS_0014,+
Vibrio,11420,,0,,,LJRIAVXO_CDS_0014,+
Vibrio,11433,,2,,,LJRIAVXO_CDS_0014,+
Vibrio,11460,,0,,,LJRIAVXO_CDS_0014,+
Vibrio,11506,,0,,,LJRIAVXO_CDS_0014,+
Vibrio,11511,,2,,,LJRIAVXO_CDS_0014,+
Vibrio,11556,,2,,,LJRIAVXO_CDS_0014,+
Vibrio,11588,,3,,,LJRIAVXO_CDS_0014,+
Vibrio,11590,,11,,,LJRIAVXO_CDS_0014,+
Vibrio,11609,,4,,,LJRIAVXO_CDS_0014,+
Vibrio,11664,,4,,,LJRIAVXO_CDS_0014,+
Vibrio,11668,,9,,,LJRIAVXO_CDS_0014,+
Vibrio,11697,,0,,,LJRIAVXO_CDS_0014,+
Vibrio,11707,,5,,,LJRIAVXO_CDS_0014,+
Vibrio,11734,,6,,,LJRIAVXO_CDS_0014,+
Vibrio,11745,,0,,,LJRIAVXO_CDS_0014,+
Vibrio,11757,,0,,,LJRIAVXO_CDS_0014,+
Vibrio,11778,,12,,,LJRIAVXO_CDS_0014,+
Vibrio,11808,,0,,,LJRIAVXO_CDS_0014,+
Vibrio,11823,,0,,,LJRIAVXO_CDS_0014,+
Vibrio,11847,,4,,,LJRIAVXO_CDS_0014,+
Vibrio,11864,,9,,,LJRIAVXO_CDS_0014,+
Vibrio,11885,,6,,,LJRIAVXO_CDS_0014,+
Vibrio,11893,,14,,,LJRIAVXO_CDS_0014,+
Vibrio,11900,,0,,,LJRIAVXO_CDS_0014,+
Vibrio,11910,,10,,,LJRIAVXO_CDS_0014,+
Vibrio,11942,,9,,,LJRIAVXO_CDS_0014,+
Vibrio,12006,,0,,,LJRIAVXO_CDS_0014,+
Vibrio,12037,,4,,,LJRIAVXO_CDS_0014,+
Vibrio,12049,,2,,,LJRIAVXO_CDS_0014,+
Vibrio,12066,,21,,,LJRIAVXO_CDS_0014,+
Vibrio,12107,,2,,,LJRIAVXO_CDS_0014,+
Vibrio,12111,,0,,,LJRIAVXO_CDS_0014,+
Vibrio,12138,,3,,,LJRIAVXO_CDS_0014,+
Vibrio,12147,,2,,,LJRIAVXO_CDS_0014,+
Vibrio,12157,,2,,,LJRIAVXO_CDS_0014,+
Vibrio,12174,,4,,,LJRIAVXO_CDS_0014,+
Vibrio,12194,,0,,,LJRIAVXO_CDS_0014,+
Vibrio,12214,,11,,,LJRIAVXO_CDS_0014,+
Vibrio,12260,,0,,,LJRIAVXO_CDS_0014,+
Vibrio,12319,,4,,,LJRIAVXO_CDS_0014,+
Vibrio,12325,,2,,,LJRIAVXO_CDS_0014,+
Vibrio,12353,,11,,,LJRIAVXO_CDS_0014,+
Vibrio,12373,,5,,,LJRIAVXO_CDS_0014,+
Vibrio,12380,,14,,,LJRIAVXO_CDS_0014,+
Vibrio,12405,,1,,,LJRIAVXO_CDS_0014,+
Vibrio,12473,,3,,,LJRIAVXO_CDS_0014,+
Vibrio,12481,,3,,,LJRIAVXO_CDS_0014,+
Vibrio,12500,,3,,,LJRIAVXO_CDS_0014,+
Vibrio,12510,,4,,,LJRIAVXO_CDS_0014,+
Vibrio,12514,,3,,,LJRIAVXO_CDS_0014,+
Vibrio,12521,,2,,,LJRIAVXO_CDS_0014,+
Vibrio,12539,,0,,,LJRIAVXO_CDS_0014,+
Vibrio,12546,,0,,,LJRIAVXO_CDS_0014,+
Vibrio,12574,,11,,,LJRIAVXO_CDS_0014,+
Vibrio,12592,,2,,,LJRIAVXO_CDS_0014,+
Vibrio,12595,,2,,,LJRIAVXO_CDS_0014,+
Vibrio,12604,,1,,,LJRIAVXO_CDS_0014,+
Vibrio,12606,,0,,,LJRIAVXO_CDS_0014,+
Vibrio,12619,,0,,,LJRIAVXO_CDS_0014,+
Vibrio,12687,,3,,,LJRIAVXO_CDS_0014,+
Vibrio,12714,,5,,,LJRIAVXO_CDS_0014,+
Vibrio,12719,,3,,,LJRIAVXO_CDS_0014,+
Vibrio,12731,,1,,,LJRIAVXO_CDS_0014,+
Vibrio,12771,,7,,,LJRIAVXO_CDS_0014,+
Vibrio,12788,,1,,,LJRIAVXO_CDS_0014,+
Vibrio,12801,,0,,,LJRIAVXO_CDS_0014,+
Vibrio,12813,,3,,,LJRIAVXO_CDS_0014,+
Vibrio,12822,,0,,,LJRIAVXO_CDS_0014,+
Vibrio,12830,,0,,,LJRIAVXO_CDS_0014,+
Vibrio,12838,,2,,,LJRIAVXO_CDS_0014,+
Vibrio,12878,,2,,,LJRIAVXO_CDS_0014,+
Vibrio,12908,,4,,,LJRIAVXO_CDS_0014,+
Vibrio,12936,,1,,,LJRIAVXO_CDS_0014,+
Vibrio,12939,,3,,,LJRIAVXO_CDS_0014,+
Vibrio,12950,,0,,,,
Vibrio,12967,,0,,,LJRIAVXO_CDS_0015,+
Vibrio,12982,,0,,,LJRIAVXO_CDS_0015,+
Vibrio,12992,,0,,,LJRIAVXO_CDS_0015,+
Vibrio,13028,,0,,,LJRIAVXO_CDS_0015,+
Vibrio,13057,,0,,,LJRIAVXO_CDS_0015,+
Vibrio,13108,,0,,,LJRIAVXO_CDS_0015,+
Vibrio,13174,,0,,,LJRIAVXO_CDS_0015,+
Vibrio,13177,,1,,,LJRIAVXO_CDS_0015,+
Vibrio,13249,,12,,,LJRIAVXO_CDS_0015,+
Vibrio,13253,,0,,,LJRIAVXO_CDS_0015,+
Vibrio,13277,,0,,,LJRIAVXO_CDS_0015,+
Vibrio,13291,,0,,,LJRIAVXO_CDS_0015,+
Vibrio,13298,,0,,,LJRIAVXO_CDS_0015,+
Vibrio,13313,,4,,,LJRIAVXO_CDS_0015,+
Vibrio,13330,,0,,,LJRIAVXO_CDS_0015,+
Vibrio,13351,,3,,,LJRIAVXO_CDS_0016,+
Vibrio,13374,,4,,,LJRIAVXO_CDS_0016,+
Vibrio,13407,,4,,,LJRIAVXO_CDS_0016,+
Vibrio,13422,,5,,,LJRIAVXO_CDS_0016,+
Vibrio,13477,,3,,,LJRIAVXO_CDS_0016,+
Vibrio,13482,,4,,,LJRIAVXO_CDS_0016,+
Vibrio,13525,,6,,,LJRIAVXO_CDS_0016,+
Vibrio,13577,,4,,,LJRIAVXO_CDS_0016,+
Vibrio,13580,,5,,,LJRIAVXO_CDS_0016,+
Vibrio,13615,,2,,,LJRIAVXO_CDS_0016,+
Vibrio,13662,,3,,,LJRIAVXO_CDS_0016,+
Vibrio,13675,,6,,,LJRIAVXO_CDS_0016,+
Vibrio,13685,,7,,,LJRIAVXO_CDS_0016,+
Vibrio,13692,,2,,,LJRIAVXO_CDS_0016,+
Vibrio,13711,,3,,,LJRIAVXO_CDS_0016,+
Vibrio,13715,,0,,,LJRIAVXO_CDS_0016,+
Vibrio,13729,,2,,,LJRIAVXO_CDS_0016,+
Vibrio,13823,,12,,,LJRIAVXO_CDS_0016,+
Vibrio,13910,,6,,,LJRIAVXO_CDS_0016,+
Vibrio,13925,,4,,,LJRIAVXO_CDS_0016,+
Vibrio,13978,,3,,,LJRIAVXO_CDS_0016,+
Vibrio,13988,,2,,,LJRIAVXO_CDS_0016,+
Vibrio,14009,,0,,,LJRIAVXO_CDS_0016,+
Vibrio,14059,,0,,,LJRIAVXO_CDS_0016,+
Vibrio,14081,,4,,,LJRIAVXO_CDS_0016,+
Vibrio,14095,,3,,,LJRIAVXO_CDS_0016,+
Vibrio,14174,,2,,,LJRIAVXO_CDS_0016,+
Vibrio,14208,,32,,,LJRIAVXO_CDS_0016,+
Vibrio,14215,,5,,,LJRIAVXO_CDS_0016,+
Vibrio,14335,,12,,,LJRIAVXO_CDS_0016,+
Vibrio,14365,,0,,,LJRIAVXO_CDS_0016,+
Vibrio,14369,,0,,,LJRIAVXO_CDS_0016,+
Vibrio,14406,,14,,,LJRIAVXO_CDS_0016,+
Vibrio,14422,,1,,,LJRIAVXO_CDS_0016,+
Vibrio,14425,,4,,,LJRIAVXO_CDS_0016,+
Vibrio,14465,,14,,,LJRIAVXO_CDS_0016,+
Vibrio,14470,,2,,,LJRIAVXO_CDS_0016,+
Vibrio,14479,,0,,,LJRIAVXO_CDS_0016,+
Vibrio,14483,,3,,,LJRIAVXO_CDS_0016,+
Vibrio,14506,,25,,,LJRIAVXO_CDS_0016,+
Vibrio,14512,,5,,,LJRIAVXO_CDS_0016,+
Vibrio,14521,,7,,,LJRIAVXO_CDS_0016,+
Vibrio,14537,,1,,,LJRIAVXO_CDS_0016,+
Vibrio,14556,,4,,,LJRIAVXO_CDS_0016,+
Vibrio,14604,,9,,,LJRIAVXO_CDS_0016,+
Vibrio,14622,,14,,,LJRIAVXO_CDS_0016,+
Vibrio,14642,,0,,,LJRIAVXO_CDS_0016,+
Vibrio,14737,,10,,,LJRIAVXO_CDS_0016,+
Vibrio,14764,,11,,,LJRIAVXO_CDS_0016,+
Vibrio,14779,,3,,,LJRIAVXO_CDS_0016,+
Vibrio,14833,,6,,,LJRIAVXO_CDS_0016,+
Vibrio,14848,,2,,,LJRIAVXO_CDS_0016,+
Vibrio,14861,,2,,,LJRIAVXO_CDS_0016,+
Vibrio,14920,,12,,,LJRIAVXO_CDS_0016,+
Vibrio,14932,,4,,,LJRIAVXO_CDS_0016,+
Vibrio,14975,,6,,,LJRIAVXO_CDS_0016,+
Vibrio,14995,,5,,,LJRIAVXO_CDS_0016,+
Vibrio,15006,,6,,,LJRIAVXO_CDS_0016,+
Vibrio,15019,,4,,,LJRIAVXO_CDS_0016,+
Vibrio,15029,,3,,,LJRIAVXO_CDS_0016,+
Vibrio,15076,,3,,,LJRIAVXO_CDS_0016,+
Vibrio,15124,,0,,,LJRIAVXO_CDS_0016,+
Vibrio,15129,,7,,,LJRIAVXO_CDS_0016,+
Vibrio,15139,,0,,,LJRIAVXO_CDS_0016,+
Vibrio,15172,,4,,,LJRIAVXO_CDS_0016,+
Vibrio,15192,,12,,,LJRIAVXO_CDS_0016,+
Vibrio,15212,,8,,,LJRIAVXO_CDS_0016,+
Vibrio,15220,,7,,,LJRIAVXO_CDS_0016,+
Vibrio,15234,,7,,,LJRIAVXO_CDS_0016,+
Vibrio,15242,,5,,,LJRIAVXO_CDS_0016,+
Vibrio,15301,,1,,,LJRIAVXO_CDS_0016,+
Vibrio,15306,,3,,,LJRIAVXO_CDS_0016,+
Vibrio,15312,,2,,,LJRIAVXO_CDS_0016,+
Vibrio,15322,,2,,,LJRIAVXO_CDS_0016,+
Vibrio,15326,,0,,,LJRIAVXO_CDS_0016,+
Vibrio,15395,,2,,,LJRIAVXO_CDS_0016,+
Vibrio,15411,,1,,,LJRIAVXO_CDS_0016,+
Vibrio,15413,,4,,,LJRIAVXO_CDS_0016,+
Vibrio,15428,,7,,,LJRIAVXO_CDS_0016,+
Vibrio,15449,,0,,,LJRIAVXO_CDS_0017,+
Vibrio,15468,,0,,,LJRIAVXO_CDS_0017,+
Vibrio,15483,,0,,,LJRIAVXO_CDS_0017,+
Vibrio,15540,,0,,,LJRIAVXO_CDS_0017,+
Vibrio,15574,,0,,,LJRIAVXO_CDS_0017,+
Vibrio,15578,,0,,,LJRIAVXO_CDS_0017,+
Vibrio,15609,,0,,,LJRIAVXO_CDS_0017,+
Vibrio,15642,,11,,,LJRIAVXO_CDS_0017,+
Vibrio,15685,,0,,,LJRIAVXO_CDS_0017,+
Vibrio,15696,,0,,,LJRIAVXO_CDS_0017,+
Vibrio,15700,,0,,,LJRIAVXO_CDS_0017,+
Vibrio,15706,,0,,,LJRIAVXO_CDS_0017,+
Vibrio,15724,,0,,,LJRIAVXO_CDS_0017,+
Vibrio,15731,,0,,,LJRIAVXO_CDS_0017,+
Vibrio,15795,,0,,,LJRIAVXO_CDS_0017,+
Vibrio,15858,,0,,,LJRIAVXO_CDS_0017,+
Vibrio,15904,,0,,,LJRIAVXO_CDS_0017,+
Vibrio,15914,,0,,,LJRIAVXO_CDS_0017,+
Vibrio,15917,,0,,,LJRIAVXO_CDS_0017,+
Vibrio,15951,,9,,,LJRIAVXO_CDS_0017,+
Vibrio,16048,,0,,,LJRIAVXO_CDS_0017,+
Vibrio,16080,,0,,,LJRIAVXO_CDS_0017,+
Vibrio,16106,,0,,,LJRIAVXO_CDS_0017,+
Vibrio,16140,,0,,,LJRIAVXO_CDS_0017,+
Vibrio,16148,,0,,,LJRIAVXO_CDS_0017,+
Vibrio,16164,,0,,,LJRIAVXO_CDS_0017,+
Vibrio,16172,,0,,,LJRIAVXO_CDS_0017,+
Vibrio,16185,,0,,,LJRIAVXO_CDS_0017,+
Vibrio,16227,,0,,,LJRIAVXO_CDS_0017,+
Vibrio,16247,,0,,,LJRIAVXO_CDS_0017,+
Vibrio,16295,,0,,,LJRIAVXO_CDS_0017,+
Vibrio,16304,,0,,,LJRIAVXO_CDS_0017,+
Vibrio,16366,,0,,,LJRIAVXO_CDS_0017,+
Vibrio,16371,,0,,,LJRIAVXO_CDS_0017,+
Vibrio,16376,,2,,,LJRIAVXO_CDS_0017,+
Vibrio,16391,,0,,,LJRIAVXO_CDS_0017,+
Vibrio,16403,,0,,,LJRIAVXO_CDS_0017,+
Vibrio,16478,,0,,,LJRIAVXO_CDS_0017,+
Vibrio,16481,,0,,,LJRIAVXO_CDS_0017,+
Vibrio,16546,,0,,,LJRIAVXO_CDS_0017,+
Vibrio,16587,,0,,,LJRIAVXO_CDS_0017,+
Vibrio,16600,,0,,,LJRIAVXO_CDS_0017,+
Vibrio,16653,,0,,,LJRIAVXO_CDS_0018,+
Vibrio,16677,,0,,,LJRIAVXO_CDS_0018,+
Vibrio,16681,,0,,,LJRIAVXO_CDS_0018,+
Vibrio,16739,,5,,,LJRIAVXO_CDS_0018,+
Vibrio,16741,,2,,,LJRIAVXO_CDS_0018,+
Vibrio,16756,,0,,,LJRIAVXO_CDS_0018,+
Vibrio,16776,,0,,,LJRIAVXO_CDS_0018,+
Vibrio,16821,,0,,,LJRIAVXO_CDS_0018,+
Vibrio,16834,,7,,,LJRIAVXO_CDS_0018,+
Vibrio,16873,,0,,,LJRIAVXO_CDS_0018,+
Vibrio,16881,,5,,,LJRIAVXO_CDS_0018,+
Vibrio,16894,,3,,,LJRIAVXO_CDS_0018,+
Vibrio,16915,,19,,,LJRIAVXO_CDS_0018,+
Vibrio,16926,,6,,,LJRIAVXO_CDS_0018,+
Vibrio,16957,,0,,,LJRIAVXO_CDS_0018,+
Vibrio,17027,,0,,,LJRIAVXO_CDS_0018,+
Vibrio,17086,,35,,,LJRIAVXO_CDS_0018,+
Vibrio,17128,,2,,,LJRIAVXO_CDS_0018,+
Vibrio,17179,,0,,,LJRIAVXO_CDS_0018,+
Vibrio,17239,,4,,,LJRIAVXO_CDS_0018,+
Vibrio,17297,,6,,,LJRIAVXO_CDS_0018,+
Vibrio,17306,,0,,,LJRIAVXO_CDS_0018,+
Vibrio,17320,,5,,,LJRIAVXO_CDS_0018,+
Vibrio,17338,,13,,,LJRIAVXO_CDS_0018,+
Vibrio,17349,,0,,,LJRIAVXO_CDS_0018,+
Vibrio,17362,,12,,,LJRIAVXO_CDS_0018,+
Vibrio,17389,,0,,,LJRIAVXO_CDS_0018,+
Vibrio,17419,,0,,,LJRIAVXO_CDS_0018,+
Vibrio,17423,,1,,,LJRIAVXO_CDS_0018,+
Vibrio,17453,,0,,,LJRIAVXO_CDS_0018,+
Vibrio,17475,,0,,,LJRIAVXO_CDS_0018,+
Vibrio,17539,,30,,,LJRIAVXO_CDS_0018,+
Vibrio,17542,,0,,,LJRIAVXO_CDS_0018,+
Vibrio,17593,,0,,,LJRIAVXO_CDS_0018,+
Vibrio,17608,,5,,,LJRIAVXO_CDS_0018,+
Vibrio,17630,,0,,,LJRIAVXO_CDS_0018,+
Vibrio,17635,,2,,,LJRIAVXO_CDS_0018,+
Vibrio,17670,,0,,,LJRIAVXO_CDS_0018,+
Vibrio,17744,,0,,,LJRIAVXO_CDS_0018,+
Vibrio,17752,,0,,,LJRIAVXO_CDS_0018,+
Vibrio,17761,,10,,,LJRIAVXO_CDS_0018,+
Vibrio,17765,,2,,,LJRIAVXO_CDS_0018,+
Vibrio,17785,,1,,,LJRIAVXO_CDS_0018,+
Vibrio,17805,,4,,,LJRIAVXO_CDS_0018,+
Vibrio,17814,,0,,,LJRIAVXO_CDS_0018,+
Vibrio,17827,,2,,,LJRIAVXO_CDS_0018,+
Vibrio,17845,,0,,,LJRIAVXO_CDS_0018,+
Vibrio,17889,,4,,,LJRIAVXO_CDS_0018,+
Vibrio,17915,,7,,,LJRIAVXO_CDS_0018,+
Vibrio,17947,,24,,,LJRIAVXO_CDS_0018,+
Vibrio,17973,,7,,,LJRIAVXO_CDS_0018,+
Vibrio,18104,,0,,,LJRIAVXO_CDS_0018,+
Vibrio,18133,,0,,,LJRIAVXO_CDS_0018,+
Vibrio,18158,,0,,,LJRIAVXO_CDS_0018,+
Vibrio,18169,,3,,,LJRIAVXO_CDS_0018,+
Vibrio,18204,,0,,,LJRIAVXO_CDS_0018,+
Vibrio,18211,,7,,,LJRIAVXO_CDS_0018,+
Vibrio,18217,,0,,,LJRIAVXO_CDS_0018,+
Vibrio,18256,,0,,,LJRIAVXO_CDS_0018,+
Vibrio,18268,,0,,,LJRIAVXO_CDS_0018,+
Vibrio,18283,,0,,,LJRIAVXO_CDS_0018,+
Vibrio,18298,,2,,,LJRIAVXO_CDS_0018,+
Vibrio,18361,,2,,,LJRIAVXO_CDS_0018,+
Vibrio,18400,,0,,,LJRIAVXO_CDS_0018,+
Vibrio,18407,,0,,,LJRIAVXO_CDS_0018,+
Vibrio,18409,,12,,,LJRIAVXO_CDS_0018,+
Vibrio,18427,,0,,,LJRIAVXO_CDS_0018,+
Vibrio,18444,,0,,,LJRIAVXO_CDS_0018,+
Vibrio,18498,,0,,,LJRIAVXO_CDS_0018,+
Vibrio,18535,,0,,,LJRIAVXO_CDS_0018,+
Vibrio,18574,,0,,,LJRIAVXO_CDS_0018,+
Vibrio,18578,,2,,,LJRIAVXO_CDS_0018,+
Vibrio,18614,,0,,,LJRIAVXO_CDS_0018,+
Vibrio,18625,,5,,,LJRIAVXO_CDS_0018,+
Vibrio,18635,,0,,,LJRIAVXO_CDS_0018,+
Vibrio,18659,,0,,,LJRIAVXO_CDS_0018,+
Vibrio,18691,,0,,,LJRIAVXO_CDS_0018,+
Vibrio,18697,,1,,,LJRIAVXO_CDS_0018,+
Vibrio,18742,,0,,,LJRIAVXO_CDS_0018,+
Vibrio,18773,,24,,,LJRIAVXO_CDS_0018,+
Vibrio,18778,,0,,,LJRIAVXO_CDS_0018,+
Vibrio,18801,,0,,,LJRIAVXO_CDS_0018,+
Vibrio,18836,,1,,,LJRIAVXO_CDS_0018,+
Vibrio,18893,,6,,,LJRIAVXO_CDS_0018,+
Vibrio,18910,,0,,,LJRIAVXO_CDS_0018,+
Vibrio,18950,,4,,,LJRIAVXO_CDS_0018,+
Vibrio,18961,,0,,,LJRIAVXO_CDS_0019,+
Vibrio,18970,,0,,,LJRIAVXO_CDS_0019,+
Vibrio,18986,,0,,,LJRIAVXO_CDS_0019,+
Vibrio,18997,,8,,,LJRIAVXO_CDS_0019,+
Vibrio,19024,,0,,,LJRIAVXO_CDS_0019,+
Vibrio,19036,,3,,,LJRIAVXO_CDS_0019,+
Vibrio,19055,,0,,,LJRIAVXO_CDS_0019,+
Vibrio,19074,,11,,,LJRIAVXO_CDS_0019,+
Vibrio,19113,,4,,,LJRIAVXO_CDS_0019,+
Vibrio,19117,,4,,,LJRIAVXO_CDS_0019,+
Vibrio,19141,,8,,,LJRIAVXO_CDS_0019,+
Vibrio,19173,,3,,,LJRIAVXO_CDS_0019,+
Vibrio,19181,,7,,,LJRIAVXO_CDS_0019,+
Vibrio,19209,,10,,,LJRIAVXO_CDS_0019,+
Vibrio,19214,,22,,,LJRIAVXO_CDS_0019,+
Vibrio,19222,,5,,,LJRIAVXO_CDS_0019,+
Vibrio,19228,,9,,,LJRIAVXO_CDS_0019,+
Vibrio,19302,,7,,,LJRIAVXO_CDS_0019,+
Vibrio,19317,,0,,,LJRIAVXO_CDS_0019,+
Vibrio,19353,,7,,,LJRIAVXO_CDS_0019,+
Vibrio,19412,,0,,,LJRIAVXO_CDS_0019,+
Vibrio,19444,,10,,,LJRIAVXO_CDS_0019,+
Vibrio,19463,,5,,,LJRIAVXO_CDS_0019,+
Vibrio,19477,,4,,,LJRIAVXO_CDS_0019,+
Vibrio,19532,,6,,,LJRIAVXO_CDS_0019,+
Vibrio,19534,,0,,,LJRIAVXO_CDS_0019,+
Vibrio,19540,,3,,,LJRIAVXO_CDS_0019,+
Vibrio,19580,,0,,,LJRIAVXO_CDS_0019,+
Vibrio,19606,,0,,,LJRIAVXO_CDS_0019,+
Vibrio,19639,,0,,,LJRIAVXO_CDS_0019,+
Vibrio,19646,,9,,,LJRIAVXO_CDS_0019,+
Vibrio,19654,,3,,,LJRIAVXO_CDS_0019,+
Vibrio,19660,,2,,,LJRIAVXO_CDS_0019,+
Vibrio,19662,,0,,,LJRIAVXO_CDS_0019,+
Vibrio,19678,,1,,,LJRIAVXO_CDS_0019,+
Vibrio,19687,,0,,,LJRIAVXO_CDS_0019,+
Vibrio,19696,,9,,,LJRIAVXO_CDS_0019,+
Vibrio,19711,,4,,,LJRIAVXO_CDS_0019,+
Vibrio,19720,,13,,,LJRIAVXO_CDS_0019,+
Vibrio,19729,,3,,,LJRIAVXO_CDS_0019,+
Vibrio,19738,,6,,,LJRIAVXO_CDS_0019,+
Vibrio,19747,,5,,,LJRIAVXO_CDS_0019,+
Vibrio,19761,,5,,,LJRIAVXO_CDS_0019,+
Vibrio,19770,,4,,,LJRIAVXO_CDS_0019,+
Vibrio,19779,,8,,,LJRIAVXO_CDS_0019,+
Vibrio,19788,,4,,,LJRIAVXO_CDS_0019,+
Vibrio,19814,,4,,,LJRIAVXO_CDS_0019,+
Vibrio,19822,,0,,,LJRIAVXO_CDS_0019,+
Vibrio,19824,,0,,,LJRIAVXO_CDS_0019,+
Vibrio,19888,,14,,,LJRIAVXO_CDS_0019,+
Vibrio,19896,,3,,,LJRIAVXO_CDS_0019,+
Vibrio,19927,,2,,,LJRIAVXO_CDS_0019,+
Vibrio,19977,,4,,,LJRIAVXO_CDS_0019,+
Vibrio,19982,,0,,,LJRIAVXO_CDS_0019,+
Vibrio,19990,,0,,,,
Vibrio,19995,,0,,,,
Vibrio,20008,,0,,,,
Vibrio,20014,,0,,,LJRIAVXO_CDS_0020,+
Vibrio,20018,,4,,,LJRIAVXO_CDS_0020,+
Vibrio,20044,,6,,,LJRIAVXO_CDS_0020,+
Vibrio,20050,,0,,,LJRIAVXO_CDS_0020,+
Vibrio,20067,,0,,,LJRIAVXO_CDS_0020,+
Vibrio,20083,,26,,,LJRIAVXO_CDS_0020,+
Vibrio,20092,,3,,,LJRIAVXO_CDS_0020,+
Vibrio,20118,,0,,,LJRIAVXO_CDS_0020,+
Vibrio,20142,,0,,,LJRIAVXO_CDS_0020,+
Vibrio,20149,,6,,,LJRIAVXO_CDS_0020,+
Vibrio,20167,,2,,,LJRIAVXO_CDS_0020,+
Vibrio,20204,,0,,,LJRIAVXO_CDS_0020,+
Vibrio,20213,,0,,,LJRIAVXO_CDS_0020,+
Vibrio,20232,,9,,,LJRIAVXO_CDS_0020,+
Vibrio,20255,,0,,,LJRIAVXO_CDS_0020,+
Vibrio,20285,,0,,,LJRIAVXO_CDS_0020,+
Vibrio,20292,,5,,,LJRIAVXO_CDS_0020,+
Vibrio,20299,,0,,,LJRIAVXO_CDS_0020,+
Vibrio,20323,,0,,,LJRIAVXO_CDS_0020,+
Vibrio,20347,,3,,,LJRIAVXO_CDS_0020,+
Vibrio,20462,,0,,,LJRIAVXO_CDS_0020,+
Vibrio,20481,,0,,,LJRIAVXO_CDS_0020,+
Vibrio,20512,,10,,,LJRIAVXO_CDS_0020,+
Vibrio,20566,,0,,,LJRIAVXO_CDS_0020,+
Vibrio,20582,,0,,,LJRIAVXO_CDS_0020,+
Vibrio,20594,,0,,,LJRIAVXO_CDS_0020,+
Vibrio,20596,,0,,,LJRIAVXO_CDS_0020,+
Vibrio,20648,,0,,,LJRIAVXO_CDS_0020,+
Vibrio,20671,,0,,,LJRIAVXO_CDS_0020,+
Vibrio,20676,,0,,,LJRIAVXO_CDS_0020,+
Vibrio,20701,,0,,,LJRIAVXO_CDS_0020,+
Vibrio,20704,,0,,,LJRIAVXO_CDS_0020,+
Vibrio,20729,,0,,,LJRIAVXO_CDS_0020,+
Vibrio,20734,,1,,,LJRIAVXO_CDS_0020,+
Vibrio,20743,,0,,,LJRIAVXO_CDS_0020,+
Vibrio,20758,,0,,,LJRIAVXO_CDS_0020,+
Vibrio,20776,,0,,,LJRIAVXO_CDS_0020,+
Vibrio,20806,,0,,,LJRIAVXO_CDS_0020,+
Vibrio,20808,,5,,,LJRIAVXO_CDS_0020,+
Vibrio,20835,,0,,,LJRIAVXO_CDS_0020,+
Vibrio,20841,,0,,,LJRIAVXO_CDS_0020,+
Vibrio,20851,,0,,,LJRIAVXO_CDS_0020,+
Vibrio,20887,,13,,,LJRIAVXO_CDS_0020,+
Vibrio,20889,,0,,,LJRIAVXO_CDS_0020,+
Vibrio,20950,,1,,,LJRIAVXO_CDS_0020,+
Vibrio,20962,,0,,,LJRIAVXO_CDS_0020,+
Vibrio,20983,,0,,,LJRIAVXO_CDS_0020,+
Vibrio,20991,,7,,,LJRIAVXO_CDS_0020,+
Vibrio,20995,,0,,,LJRIAVXO_CDS_0020,+
Vibrio,20999,,3,,,LJRIAVXO_CDS_0020,+
Vibrio,21024,,0,,,LJRIAVXO_CDS_0020,+
Vibrio,21043,,0,,,LJRIAVXO_CDS_0020,+
Vibrio,21091,,0,,,LJRIAVXO_CDS_0020,+
Vibrio,21096,,0,,,LJRIAVXO_CDS_0020,+
Vibrio,21109,,0,,,LJRIAVXO_CDS_0020,+
Vibrio,21127,,0,,,LJRIAVXO_CDS_0020,+
Vibrio,21132,,0,,,LJRIAVXO_CDS_0020,+
Vibrio,21146,,0,,,LJRIAVXO_CDS_0020,+
Vibrio,21165,,3,,,LJRIAVXO_CDS_0020,+
Vibrio,21170,,0,,,LJRIAVXO_CDS_0020,+
Vibrio,21175,,0,,,LJRIAVXO_CDS_0020,+
Vibrio,21198,,0,,,LJRIAVXO_CDS_0020,+
Vibrio,21244,,0,,,LJRIAVXO_CDS_0020,+
Vibrio,21285,,0,,,LJRIAVXO_CDS_0020,+
Vibrio,21302,,11,,,LJRIAVXO_CDS_0020,+
Vibrio,21306,,0,,,LJRIAVXO_CDS_0020,+
Vibrio,21320,,0,,,LJRIAVXO_CDS_0020,+
Vibrio,21351,,2,,,LJRIAVXO_CDS_0021,-
Vibrio,21381,,16,,,LJRIAVXO_CDS_0021,-
Vibrio,21391,,4,,,LJRIAVXO_CDS_0021,-
Vibrio,21411,,2,,,LJRIAVXO_CDS_0021,-
Vibrio,21440,,7,,,LJRIAVXO_CDS_0021,-
Vibrio,21445,,2,,,LJRIAVXO_CDS_0021,-
Vibrio,21461,,4,,,LJRIAVXO_CDS_0021,-
Vibrio,21463,,5,,,LJRIAVXO_CDS_0021,-
Vibrio,21485,,3,,,LJRIAVXO_CDS_0021,-
Vibrio,21527,,3,,,LJRIAVXO_CDS_0021,-
Vibrio,21576,,7,,,LJRIAVXO_CDS_0021,-
Vibrio,21613,,3,,,LJRIAVXO_CDS_0021,-
Vibrio,21686,,0,,,,
Vibrio,21701,,3,,,,
Vibrio,21716,,0,,,,
Vibrio,21721,,5,,,,
Vibrio,21724,,0,,,LJRIAVXO_CDS_0022,-
Vibrio,21790,,0,,,LJRIAVXO_CDS_0022,-
Vibrio,21816,,0,,,LJRIAVXO_CDS_0022,-
Vibrio,21834,,0,,,LJRIAVXO_CDS_0022,-
Vibrio,21858,,0,,,LJRIAVXO_CDS_0022,-
Vibrio,21885,,0,,,LJRIAVXO_CDS_0022,-
Vibrio,22010,,18,,,LJRIAVXO_CDS_0022,-
Vibrio,22023,,0,,,LJRIAVXO_CDS_0022,-
Vibrio,22033,,0,,,LJRIAVXO_CDS_0022,-
Vibrio,22041,,0,,,LJRIAVXO_CDS_0022,-
Vibrio,22089,,6,,,LJRIAVXO_CDS_0022,-
Vibrio,22103,,0,,,LJRIAVXO_CDS_0022,-
Vibrio,22128,,0,,,LJRIAVXO_CDS_0022,-
Vibrio,22132,,0,,,LJRIAVXO_CDS_0022,-
Vibrio,22186,,1,,,LJRIAVXO_CDS_0023,-
Vibrio,22218,,0,,,LJRIAVXO_CDS_0023,-
Vibrio,22227,,0,,,LJRIAVXO_CDS_0023,-
Vibrio,22274,,0,,,LJRIAVXO_CDS_0023,-
Vibrio,22308,,3,,,LJRIAVXO_CDS_0023;LJRIAVXO_CDS_0024,-;-
Vibrio,22358,,6,,,LJRIAVXO_CDS_0024,-
Vibrio,22370,,2,,,LJRIAVXO_CDS_0024,-
Vibrio,22389,,2,,,LJRIAVXO_CDS_0024,-
Vibrio,22415,,5,,,LJRIAVXO_CDS_0024,-
Vibrio,22491,,2,,,LJRIAVXO_CDS_0024,-
Vibrio,22524,,8,,,LJRIAVXO_CDS_0024,-
Vibrio,22565,,0,,,LJRIAVXO_CDS_0024,-
Vibrio,22611,,5,,,LJRIAVXO_CDS_0024,-
Vibrio,22677,,23,,,LJRIAVXO_CDS_0024,-
Vibrio,22685,,2,,,LJRIAVXO_CDS_0024,-
Vibrio,22737,,4,,,LJRIAVXO_CDS_0024,-
Vibrio,22794,,5,,,LJRIAVXO_CDS_0024,-
Vibrio,22806,,5,,,LJRIAVXO_CDS_0024,-
Vibrio,22835,,3,,,LJRIAVXO_CDS_0024;LJRIAVXO_CDS_0025,-;-
Vibrio,22842,,11,,,LJRIAVXO_CDS_0024;LJRIAVXO_CDS_0025,-;-
Vibrio,22851,,0,,,LJRIAVXO_CDS_0024;LJRIAVXO_CDS_0025,-;-
Vibrio,22855,,2,,,LJRIAVXO_CDS_0024;LJRIAVXO_CDS_0025,-;-
Vibrio,22875,,1,,,LJRIAVXO_CDS_0024;LJRIAVXO_CDS_0025,-;-
Vibrio,22877,,8,,,LJRIAVXO_CDS_0024;LJRIAVXO_CDS_0025,-;-
Vibrio,22900,,0,,,LJRIAVXO_CDS_0025,-
Vibrio,22936,,3,,,LJRIAVXO_CDS_0025,-
Vibrio,22957,,0,,,LJRIAVXO_CDS_0025,-
Vibrio,23017,,0,,,LJRIAVXO_CDS_0025,-
Vibrio,23035,,0,,,LJRIAVXO_CDS_0025,-
Vibrio,23057,,0,,,LJRIAVXO_CDS_0025,-
Vibrio,23061,,0,,,LJRIAVXO_CDS_0025,-
Vibrio,23079,,0,,,LJRIAVXO_CDS_0025,-
Vibrio,23082,,8,,,LJRIAVXO_CDS_0026,-
Vibrio,23136,,11,,,LJRIAVXO_CDS_0026,-
Vibrio,23157,,2,,,LJRIAVXO_CDS_0026,-
Vibrio,23209,,0,,,LJRIAVXO_CDS_0026,-
Vibrio,23220,,14,,,LJRIAVXO_CDS_0026,-
Vibrio,23224,,5,,,LJRIAVXO_CDS_0026,-
Vibrio,23234,,4,,,LJRIAVXO_CDS_0026,-
Vibrio,23266,,7,,,LJRIAVXO_CDS_0026,-
Vibrio,23296,,2,,,LJRIAVXO_CDS_0026,-
Vibrio,23317,,8,,,LJRIAVXO_CDS_0026,-
Vibrio,23330,,32,,,LJRIAVXO_CDS_0026,-
Vibrio,23348,,4,,,LJRIAVXO_CDS_0026,-
Vibrio,23382,,1,,,LJRIAVXO_CDS_0026,-
Vibrio,23431,,4,,,LJRIAVXO_CDS_0026,-
Vibrio,23437,,4,,,LJRIAVXO_CDS_0026,-
Vibrio,23443,,5,,,LJRIAVXO_CDS_0026,-
Vibrio,23452,,8,,,LJRIAVXO_CDS_0026,-
Vibrio,23456,,2,,,LJRIAVXO_CDS_0026,-
Vibrio,23494,,1,,,LJRIAVXO_CDS_0026,-
Vibrio,23506,,6,,,LJRIAVXO_CDS_0026,-
Vibrio,23509,,5,,,LJRIAVXO_CDS_0026,-
Vibrio,23514,,7,,,LJRIAVXO_CDS_0026,-
Vibrio,23520,,2,,,LJRIAVXO_CDS_0026,-
Vibrio,23534,,3,,,LJRIAVXO_CDS_0026,-
Vibrio,23540,,3,,,LJRIAVXO_CDS_0026,-
Vibrio,23567,,8,,,LJRIAVXO_CDS_0026,-
Vibrio,23614,,6,,,LJRIAVXO_CDS_0026,-
Vibrio,23622,,1,,,LJRIAVXO_CDS_0026,-
Vibrio,23643,,3,,,LJRIAVXO_CDS_0026,-
Vibrio,23693,,4,,,LJRIAVXO_CDS_0026,-
Vibrio,23815,,8,,,LJRIAVXO_CDS_0026,-
Vibrio,23935,,5,,,LJRIAVXO_CDS_0026,-
Vibrio,23979,,14,,,LJRIAVXO_CDS_0026,-
Vibrio,24014,,4,,,LJRIAVXO_CDS_0026,-
Vibrio,24019,,5,,,LJRIAVXO_CDS_0026,-
Vibrio,24024,,6,,,LJRIAVXO_CDS_0026,-
Vibrio,24045,,4,,,LJRIAVXO_CDS_0026,-
Vibrio,24056,,4,,,LJRIAVXO_CDS_0026,-
Vibrio,24064,,9,,,LJRIAVXO_CDS_0026,-
Vibrio,24083,,3,,,LJRIAVXO_CDS_0026,-
Vibrio,24091,,2,,,LJRIAVXO_CDS_0026,-
Vibrio,24095,,6,,,LJRIAVXO_CDS_0026,-
Vibrio,24101,,10,,,LJRIAVXO_CDS_0026,-
Vibrio,24155,,0,,,LJRIAVXO_CDS_0027,-
Vibrio,24186,,0,,,LJRIAVXO_CDS_0027,-
Vibrio,24270,,0,,,LJRIAVXO_CDS_0027,-
Vibrio,24317,,0,,,LJRIAVXO_CDS_0027,-
Vibrio,24371,,0,,,LJRIAVXO_CDS_0027,-
Vibrio,24380,,0,,,LJRIAVXO_CDS_0027,-
Vibrio,24437,,0,,,LJRIAVXO_CDS_0027,-
Vibrio,24444,,0,,,LJRIAVXO_CDS_0027,-
Vibrio,24453,,0,,,LJRIAVXO_CDS_0027,-
Vibrio,24504,,4,,,LJRIAVXO_CDS_0027,-
Vibrio,24509,,0,,,LJRIAVXO_CDS_0027,-
Vibrio,24590,,0,,,LJRIAVXO_CDS_0027,-
Vibrio,24605,,0,,,LJRIAVXO_CDS_0027,-
Vibrio,24644,,0,,,LJRIAVXO_CDS_0027,-
Vibrio,24651,,0,,,LJRIAVXO_CDS_0027,-
Vibrio,24681,,0,,,LJRIAVXO_CDS_0027,-
Vibrio,24764,,0,,,LJRIAVXO_CDS_0027,-
Vibrio,24831,,0,,,LJRIAVXO_CDS_0027,-
Vibrio,24838,,0,,,LJRIAVXO_CDS_0027,-
Vibrio,24846,,0,,,LJRIAVXO_CDS_0027,-
Vibrio,24857,,0,,,LJRIAVXO_CDS_0027,-
Vibrio,24895,,0,,,LJRIAVXO_CDS_0027,-
Vibrio,24919,,0,,,LJRIAVXO_CDS_0027,-
Vibrio,24947,,0,,,LJRIAVXO_CDS_0027,-
Vibrio,24987,,0,,,LJRIAVXO_CDS_0027,-
Vibrio,24993,,0,,,LJRIAVXO_CDS_0027,-
Vibrio,24999,,0,,,LJRIAVXO_CDS_0027,-
Vibrio,25018,,11,,,LJRIAVXO_CDS_0027,-
Vibrio,25078,,0,,,LJRIAVXO_CDS_0027,-
Vibrio,25088,,0,,,LJRIAVXO_CDS_0027,-
Vibrio,25160,,0,,,LJRIAVXO_CDS_0027,-
Vibrio,25195,,0,,,LJRIAVXO_CDS_0027,-
Vibrio,25313,,0,,,LJRIAVXO_CDS_0027,-
Vibrio,25452,,0,,,LJRIAVXO_CDS_0027,-
Vibrio,25457,,0,,,LJRIAVXO_CDS_0027,-
Vibrio,25547,,0,,,LJRIAVXO_CDS_0027,-
Vibrio,25569,,0,,,LJRIAVXO_CDS_0027,-
Vibrio,25620,,0,,,LJRIAVXO_CDS_0027,-
Vibrio,25622,,0,,,LJRIAVXO_CDS_0027,-
Vibrio,25654,,0,,,LJRIAVXO_CDS_0027,-
Vibrio,25661,,0,,,LJRIAVXO_CDS_0027,-
Vibrio,25679,,1,,,LJRIAVXO_CDS_0027,-
Vibrio,25721,,0,,,LJRIAVXO_CDS_0027,-
Vibrio,25745,,0,,,LJRIAVXO_CDS_0027,-
Vibrio,25778,,0,,,LJRIAVXO_CDS_0027,-
Vibrio,25849,,11,,,LJRIAVXO_CDS_0027,-
Vibrio,25891,,0,,,LJRIAVXO_CDS_0027,-
Vibrio,25896,,0,,,LJRIAVXO_CDS_0027,-
Vibrio,25902,,0,,,LJRIAVXO_CDS_0027,-
Vibrio,25913,,0,,,LJRIAVXO_CDS_0027,-
Vibrio,25950,,0,,,LJRIAVXO_CDS_0027,-
Vibrio,26002,,0,,,LJRIAVXO_CDS_0027,-
Vibrio,26027,,0,,,LJRIAVXO_CDS_0027,-
Vibrio,26048,,0,,,LJRIAVXO_CDS_0027,-
Vibrio,26099,,0,,,LJRIAVXO_CDS_0027,-
Vibrio,26119,,0,,,LJRIAVXO_CDS_0027,-
Vibrio,26124,,0,,,LJRIAVXO_CDS_0027,-
Vibrio,26163,,0,,,LJRIAVXO_CDS_0027,-
Vibrio,26202,,0,,,LJRIAVXO_CDS_0027,-
Vibrio,26206,,0,,,LJRIAVXO_CDS_0027,-
Vibrio,26282,,0,,,LJRIAVXO_CDS_0027,-
Vibrio,26294,,0,,,LJRIAVXO_CDS_0027,-
Vibrio,26322,,0,,,LJRIAVXO_CDS_0027,-
Vibrio,26329,,0,,,LJRIAVXO_CDS_0027,-
Vibrio,26338,,0,,,LJRIAVXO_CDS_0027,-
Vibrio,26342,,0,,,LJRIAVXO_CDS_0027,-
Vibrio,26344,,0,,,LJRIAVXO_CDS_0027,-
Vibrio,26360,,0,,,LJRIAVXO_CDS_0027,-
Vibrio,26380,,0,,,LJRIAVXO_CDS_0027,-
Vibrio,26400,,0,,,LJRIAVXO_CDS_0027,-
Vibrio,26419,,0,,,LJRIAVXO_CDS_0027,-
Vibrio,26433,,0,,,LJRIAVXO_CDS_0027;LJRIAVXO_CDS_0028,-;-
Vibrio,26438,,0,,,LJRIAVXO_CDS_0027;LJRIAVXO_CDS_0028,-;-
Vibrio,26447,,9,,,LJRIAVXO_CDS_0028,-
Vibrio,26495,,0,,,LJRIAVXO_CDS_0028,-
Vibrio,26549,,0,,,LJRIAVXO_CDS_0028,-
Vibrio,26583,,6,,,LJRIAVXO_CDS_0028,-
Vibrio,26596,,3,,,LJRIAVXO_CDS_0028,-
Vibrio,26656,,2,,,LJRIAVXO_CDS_0028,-
Vibrio,26703,,0,,,LJRIAVXO_CDS_0028,-
Vibrio,26712,,0,,,LJRIAVXO_CDS_0028,-
Vibrio,26753,,0,,,LJRIAVXO_CDS_0028,-
Vibrio,26774,,0,,,LJRIAVXO_CDS_0028,-
Vibrio,26821,,6,,,LJRIAVXO_CDS_0028,-
Vibrio,26826,,10,,,LJRIAVXO_CDS_0028,-
Vibrio,26868,,8,,,LJRIAVXO_CDS_0028,-
Vibrio,26876,,3,,,LJRIAVXO_CDS_0028,-
Vibrio,26924,,0,,,LJRIAVXO_CDS_0028,-
Vibrio,26929,,0,,,LJRIAVXO_CDS_0028,-
Vibrio,26956,,0,,,LJRIAVXO_CDS_0028,-
Vibrio,26989,,9,,,LJRIAVXO_CDS_0028,-
Vibrio,27003,,0,,,LJRIAVXO_CDS_0028,-
Vibrio,27020,,0,,,LJRIAVXO_CDS_0028,-
Vibrio,27075,,1,,,LJRIAVXO_CDS_0028,-
Vibrio,27088,,0,,,LJRIAVXO_CDS_0028,-
Vibrio,27099,,6,,,LJRIAVXO_CDS_0028,-
Vibrio,27250,,0,,,LJRIAVXO_CDS_0028,-
Vibrio,27252,,8,,,LJRIAVXO_CDS_0028,-
Vibrio,27312,,0,,,LJRIAVXO_CDS_0028,-
Vibrio,27407,,11,,,LJRIAVXO_CDS_0028,-
Vibrio,27535,,10,,,LJRIAVXO_CDS_0028,-
Vibrio,27553,,0,,,LJRIAVXO_CDS_0028,-
Vibrio,27559,,1,,,LJRIAVXO_CDS_0028,-
Vibrio,27642,,18,,,LJRIAVXO_CDS_0028,-
Vibrio,27647,,5,,,LJRIAVXO_CDS_0028,-
Vibrio,27683,,5,,,LJRIAVXO_CDS_0028,-
Vibrio,27716,,0,,,LJRIAVXO_CDS_0028,-
Vibrio,27740,,3,,,LJRIAVXO_CDS_0028,-
Vibrio,27775,,0,,,LJRIAVXO_CDS_0028,-
Vibrio,27798,,0,,,LJRIAVXO_CDS_0028,-
Vibrio,27806,,0,,,LJRIAVXO_CDS_0028,-
Vibrio,27828,,0,,,LJRIAVXO_CDS_0028,-
Vibrio,27891,,0,,,LJRIAVXO_CDS_0028,-
Vibrio,27903,,5,,,LJRIAVXO_CDS_0028,-
Vibrio,27921,,0,,,LJRIAVXO_CDS_0028,-
Vibrio,27936,,0,,,LJRIAVXO_CDS_0028,-
Vibrio,27946,,0,,,LJRIAVXO_CDS_0028,-
Vibrio,27948,,2,,,LJRIAVXO_CDS_0028,-
Vibrio,27982,,7,,,LJRIAVXO_CDS_0028,-
Vibrio,28000,,0,,,LJRIAVXO_CDS_0028,-
Vibrio,28015,,0,,,LJRIAVXO_CDS_0028,-
Vibrio,28024,,0,,,LJRIAVXO_CDS_0028,-
Vibrio,28046,,0,,,LJRIAVXO_CDS_0028,-
Vibrio,28051,,0,,,LJRIAVXO_CDS_0028,-
Vibrio,28064,,3,,,LJRIAVXO_CDS_0028,-
Vibrio,28077,,0,,,LJRIAVXO_CDS_0028,-
Vibrio,28093,,12,,,LJRIAVXO_CDS_0028,-
Vibrio,28116,,0,,,LJRIAVXO_CDS_0028,-
Vibrio,28145,,5,,,LJRIAVXO_CDS_0028,-
Vibrio,28176,,11,,,LJRIAVXO_CDS_0028,-
Vibrio,28222,,7,,,LJRIAVXO_CDS_0028,-
Vibrio,28233,,0,,,LJRIAVXO_CDS_0028,-
Vibrio,28246,,0,,,LJRIAVXO_CDS_0028,-
Vibrio,28260,,31,,,LJRIAVXO_CDS_0028,-
Vibrio,28275,,0,,,LJRIAVXO_CDS_0028,-
Vibrio,28279,,0,,,LJRIAVXO_CDS_0028,-
Vibrio,28325,,5,,,LJRIAVXO_CDS_0028,-
Vibrio,28351,,1,,,LJRIAVXO_CDS_0029,-
Vibrio,28392,,0,,,LJRIAVXO_CDS_0029,-
Vibrio,28397,,1,,,LJRIAVXO_CDS_0029,-
Vibrio,28443,,7,,,LJRIAVXO_CDS_0029,-
Vibrio,28462,,12,,,LJRIAVXO_CDS_0029,-
Vibrio,28497,,8,,,LJRIAVXO_CDS_0029,-
Vibrio,28508,,2,,,LJRIAVXO_CDS_0029,-
Vibrio,28515,,4,,,LJRIAVXO_CDS_0029,-
Vibrio,28521,,0,,,LJRIAVXO_CDS_0029,-
Vibrio,28581,,1,,,LJRIAVXO_CDS_0029,-
Vibrio,28606,,16,,,LJRIAVXO_CDS_0029,-
Vibrio,28629,,0,,,LJRIAVXO_CDS_0029,-
Vibrio,28634,,2,,,LJRIAVXO_CDS_0029,-
Vibrio,28640,,16,,,LJRIAVXO_CDS_0029,-
Vibrio,28666,,1,,,LJRIAVXO_CDS_0029,-
Vibrio,28680,,9,,,LJRIAVXO_CDS_0029;LJRIAVXO_CDS_0030,-;-
Vibrio,28692,,0,,,LJRIAVXO_CDS_0030,-
Vibrio,28697,,0,,,LJRIAVXO_CDS_0030,-
Vibrio,28711,,0,,,LJRIAVXO_CDS_0030,-
Vibrio,28730,,0,,,LJRIAVXO_CDS_0030,-
Vibrio,28762,,0,,,LJRIAVXO_CDS_0030,-
Vibrio,28795,,0,,,LJRIAVXO_CDS_0030,-
Vibrio,28848,,12,,,LJRIAVXO_CDS_0030,-
Vibrio,28860,,0,,,LJRIAVXO_CDS_0030,-
Vibrio,28886,,5,,,LJRIAVXO_CDS_0030,-
Vibrio,28906,,4,,,LJRIAVXO_CDS_0030,-
Vibrio,28935,,0,,,LJRIAVXO_CDS_0030,-
Vibrio,29019,,0,,,LJRIAVXO_CDS_0030,-
Vibrio,29025,,2,,,LJRIAVXO_CDS_0030,-
Vibrio,29035,,0,,,LJRIAVXO_CDS_0030,-
Vibrio,29083,,0,,,LJRIAVXO_CDS_0030,-
Vibrio,29090,,0,,,LJRIAVXO_CDS_0030,-
Vibrio,29103,,0,,,LJRIAVXO_CDS_0030,-
Vibrio,29177,,0,,,LJRIAVXO_CDS_0030,-
Vibrio,29182,,3,,,LJRIAVXO_CDS_0030,-
Vibrio,29194,,21,,,,
Vibrio,29207,,5,,,,
Vibrio,29241,,0,,,,
Vibrio,29247,,0,,,,
Vibrio,29254,,3,,,LJRIAVXO_CDS_0031,-
Vibrio,29302,,13,,,LJRIAVXO_CDS_0031,-
Vibrio,29369,,4,,,LJRIAVXO_CDS_0031,-
Vibrio,29392,,3,,,LJRIAVXO_CDS_0031,-
Vibrio,29413,,1,,,LJRIAVXO_CDS_0031,-
Vibrio,29431,,9,,,LJRIAVXO_CDS_0031,-
Vibrio,29458,,8,,,LJRIAVXO_CDS_0031,-
Vibrio,29461,,2,,,LJRIAVXO_CDS_0031,-
Vibrio,29504,,1,,,LJRIAVXO_CDS_0031,-
Vibrio,29558,,2,,,LJRIAVXO_CDS_0031,-
Vibrio,29690,,1,,,LJRIAVXO_CDS_0031,-
Vibrio,29722,,3,,,LJRIAVXO_CDS_0031,-
Vibrio,29744,,3,,,LJRIAVXO_CDS_0031,-
Vibrio,29791,,3,,,LJRIAVXO_CDS_0031,-
Vibrio,29806,,2,,,LJRIAVXO_CDS_0031,-
Vibrio,29819,,5,,,LJRIAVXO_CDS_0031,-
Vibrio,29875,,6,,,LJRIAVXO_CDS_0031,-
Vibrio,29879,,1,,,LJRIAVXO_CDS_0031,-
Vibrio,29940,,0,,,LJRIAVXO_CDS_0031,-
Vibrio,29955,,3,,,LJRIAVXO_CDS_0031,-
Vibrio,30045,,5,,,LJRIAVXO_CDS_0031,-
Vibrio,30059,,7,,,LJRIAVXO_CDS_0031,-
Vibrio,30090,,4,,,,
Vibrio,30098,,5,,,,
Vibrio,30101,,14,,,,
Vibrio,30113,,1,,,,
Vibrio,30120,,0,,,LJRIAVXO_CDS_0032,-
Vibrio,30144,,8,,,LJRIAVXO_CDS_0032,-
Vibrio,30164,,0,,,LJRIAVXO_CDS_0032,-
Vibrio,30235,,0,,,LJRIAVXO_CDS_0032,-
Vibrio,30241,,12,,,LJRIAVXO_CDS_0032,-
Vibrio,30255,,0,,,LJRIAVXO_CDS_0032,-
Vibrio,30300,,0,,,LJRIAVXO_CDS_0032,-
Vibrio,30315,,0,,,LJRIAVXO_CDS_0032,-
Vibrio,30326,,0,,,LJRIAVXO_CDS_0032,-
Vibrio,30336,,8,,,LJRIAVXO_CDS_0032,-
Vibrio,30350,,0,,,LJRIAVXO_CDS_0032,-
Vibrio,30431,,0,,,LJRIAVXO_CDS_0032,-
Vibrio,30435,,0,,,LJRIAVXO_CDS_0032,-
Vibrio,30478,,0,,,LJRIAVXO_CDS_0032,-
Vibrio,30524,,0,,,LJRIAVXO_CDS_0032,-
Vibrio,30557,,0,,,LJRIAVXO_CDS_0032,-
Vibrio,30574,,0,,,LJRIAVXO_CDS_0032,-
Vibrio,30576,,0,,,LJRIAVXO_CDS_0032,-
Vibrio,30610,,4,,,,
Vibrio,30612,,12,,,,
Vibrio,30618,,1,,,,
Vibrio,30621,,13,,,,
Vibrio,30623,,6,,,,
Vibrio,30650,,0,,,LJRIAVXO_CDS_0033,-
Vibrio,30660,,0,,,LJRIAVXO_CDS_0033,-
Vibrio,30666,,0,,,LJRIAVXO_CDS_0033,-
Vibrio,30675,,0,,,LJRIAVXO_CDS_0033,-
Vibrio,30697,,7,,,LJRIAVXO_CDS_0033,-
Vibrio,30700,,1,,,LJRIAVXO_CDS_0033,-
Vibrio,30739,,0,,,LJRIAVXO_CDS_0033,-
Vibrio,30762,,0,,,LJRIAVXO_CDS_0033,-
Vibrio,30779,,0,,,LJRIAVXO_CDS_0033,-
Vibrio,30783,,0,,,LJRIAVXO_CDS_0033,-
Vibrio,30816,,3,,,LJRIAVXO_CDS_0033,-
Vibrio,30829,,0,,,LJRIAVXO_CDS_0033,-
Vibrio,30863,,4,,,LJRIAVXO_CDS_0033,-
Vibrio,30866,,0,,,LJRIAVXO_CDS_0033,-
Vibrio,30885,,0,,,LJRIAVXO_CDS_0033,-
Vibrio,30918,,4,,,LJRIAVXO_CDS_0033,-
Vibrio,30964,,0,,,LJRIAVXO_CDS_0033,-
Vibrio,30966,,6,,,LJRIAVXO_CDS_0033,-
Vibrio,31004,,0,,,LJRIAVXO_CDS_0033,-
Vibrio,31028,,0,,,LJRIAVXO_CDS_0033,-
Vibrio,31077,,0,,,LJRIAVXO_CDS_0033,-
Vibrio,31167,,7,,,LJRIAVXO_CDS_0033,-
Vibrio,31192,,0,,,LJRIAVXO_CDS_0033,-
Vibrio,31196,,0,,,LJRIAVXO_CDS_0033,-
Vibrio,31206,,1,,,LJRIAVXO_CDS_0033,-
Vibrio,31251,,4,,,LJRIAVXO_CDS_0033,-
Vibrio,31264,,2,,,LJRIAVXO_CDS_0033,-
Vibrio,31300,,0,,,LJRIAVXO_CDS_0033,-
Vibrio,31332,,5,,,LJRIAVXO_CDS_0033,-
Vibrio,31347,,1,,,LJRIAVXO_CDS_0033,-
Vibrio,31355,,0,,,LJRIAVXO_CDS_0033,-
Vibrio,31400,,2,,,LJRIAVXO_CDS_0033,-
Vibrio,31406,,3,,,LJRIAVXO_CDS_0033,-
Vibrio,31445,,12,,,LJRIAVXO_CDS_0033,-
Vibrio,31487,,9,,,LJRIAVXO_CDS_0033,-
Vibrio,31491,,0,,,LJRIAVXO_CDS_0033,-
Vibrio,31501,,0,,,LJRIAVXO_CDS_0033,-
Vibrio,31525,,0,,,LJRIAVXO_CDS_0033,-
Vibrio,31558,,2,,,LJRIAVXO_CDS_0033,-
Vibrio,31567,,1,,,LJRIAVXO_CDS_0033,-
Vibrio,31607,,4,,,LJRIAVXO_CDS_0033,-
Vibrio,31726,,0,,,LJRIAVXO_CDS_0033,-
Vibrio,31750,,0,,,LJRIAVXO_CDS_0033,-
Vibrio,31768,,0,,,LJRIAVXO_CDS_0033,-
Vibrio,31775,,4,,,LJRIAVXO_CDS_0033,-
Vibrio,31806,,0,,,LJRIAVXO_CDS_0033,-
Vibrio,31861,,0,,,LJRIAVXO_CDS_0033,-
Vibrio,31902,,0,,,LJRIAVXO_CDS_0033,-
Vibrio,31927,,0,,,LJRIAVXO_CDS_0033,-
Vibrio,31936,,0,,,LJRIAVXO_CDS_0033,-
Vibrio,31966,,0,,,LJRIAVXO_CDS_0033,-
Vibrio,32011,,9,,,LJRIAVXO_CDS_0033,-
Vibrio,32067,,1,,,LJRIAVXO_CDS_0033,-
Vibrio,32087,,1,,,LJRIAVXO_CDS_0033,-
Vibrio,32095,,0,,,LJRIAVXO_CDS_0033,-
Vibrio,32110,,1,,,LJRIAVXO_CDS_0033,-
Vibrio,32141,,0,,,,
Vibrio,32172,,0,,,,
Vibrio,32189,,2,,,LJRIAVXO_CDS_0034,-
Vibrio,32278,,0,,,LJRIAVXO_CDS_0034,-
Vibrio,32293,,13,,,LJRIAVXO_CDS_0034,-
Vibrio,32344,,2,,,LJRIAVXO_CDS_0034,-
Vibrio,32353,,2,,,LJRIAVXO_CDS_0034,-
Vibrio,32391,,1,,,LJRIAVXO_CDS_0034,-
Vibrio,32396,,0,,,LJRIAVXO_CDS_0034,-
Vibrio,32404,,7,,,LJRIAVXO_CDS_0034,-
Vibrio,32415,,2,,,LJRIAVXO_CDS_0034,-
Vibrio,32428,,2,,,LJRIAVXO_CDS_0034,-
Vibrio,32446,,6,,,LJRIAVXO_CDS_0034,-
Vibrio,32451,,2,,,LJRIAVXO_CDS_0034,-
Vibrio,32463,,7,,,LJRIAVXO_CDS_0034,-
Vibrio,32469,,10,,,LJRIAVXO_CDS_0034,-
Vibrio,32539,,0,,,LJRIAVXO_CDS_0035,-
Vibrio,32549,,2,,,LJRIAVXO_CDS_0035,-
Vibrio,32600,,0,,,LJRIAVXO_CDS_0035,-
Vibrio,32606,,0,,,LJRIAVXO_CDS_0035,-
Vibrio,32624,,4,,,LJRIAVXO_CDS_0035,-
Vibrio,32717,,0,,,LJRIAVXO_CDS_0035,-
Vibrio,32747,,0,,,LJRIAVXO_CDS_0035,-
Vibrio,32750,,6,,,LJRIAVXO_CDS_0035,-
Vibrio,32768,,0,,,LJRIAVXO_CDS_0035,-
Vibrio,32775,,9,,,LJRIAVXO_CDS_0035,-
Vibrio,32778,,0,,,LJRIAVXO_CDS_0035,-
Vibrio,32787,,0,,,LJRIAVXO_CDS_0035,-
Vibrio,32796,,0,,,LJRIAVXO_CDS_0035,-
Vibrio,32820,,0,,,LJRIAVXO_CDS_0035,-
Vibrio,32831,,2,,,LJRIAVXO_CDS_0035,-
Vibrio,32924,,0,,,LJRIAVXO_CDS_0035,-
Vibrio,32963,,0,,,LJRIAVXO_CDS_0035,-
Vibrio,32967,,10,,,LJRIAVXO_CDS_0035,-
Vibrio,32990,,0,,,LJRIAVXO_CDS_0035,-
Vibrio,33000,,7,,,LJRIAVXO_CDS_0035,-
Vibrio,33037,,2,,,LJRIAVXO_CDS_0035,-
Vibrio,33045,,0,,,LJRIAVXO_CDS_0035,-
Vibrio,33084,,4,,,LJRIAVXO_CDS_0035,-
Vibrio,33091,,0,,,LJRIAVXO_CDS_0035,-
Vibrio,33123,,0,,,LJRIAVXO_CDS_0035,-
Vibrio,33129,,0,,,LJRIAVXO_CDS_0035,-
Vibrio,33132,,2,,,LJRIAVXO_CDS_0035,-
Vibrio,33143,,0,,,LJRIAVXO_CDS_0035,-
Vibrio,33184,,0,,,LJRIAVXO_CDS_0035,-
Vibrio,33192,,0,,,LJRIAVXO_CDS_0035,-
Vibrio,33204,,0,,,LJRIAVXO_CDS_0035,-
Vibrio,33207,,0,,,LJRIAVXO_CDS_0035,-
Vibrio,33242,,12,,,,
Vibrio,33261,,0,,,,
Vibrio,33265,,0,,,,
Vibrio,33294,,2,,,,
Vibrio,33303,,7,,,,
Vibrio,33314,,0,,,,
Vibrio,33327,,0,,,,
Vibrio,33335,,6,,,,
Vibrio,33338,,3,,,,
Vibrio,33340,,0,,,,
Vibrio,33351,,1,,,,
Vibrio,33357,,17,,,,
Vibrio,33387,,3,,,LJRIAVXO_CDS_0036,-
Vibrio,33400,,5,,,LJRIAVXO_CDS_0036,-
Vibrio,33408,,4,,,LJRIAVXO_CDS_0036,-
Vibrio,33413,,6,,,LJRIAVXO_CDS_0036,-
Vibrio,33417,,7,,,LJRIAVXO_CDS_0036,-
Vibrio,33432,,13,,,LJRIAVXO_CDS_0036,-
Vibrio,33450,,13,,,LJRIAVXO_CDS_0036,-
Vibrio,33470,,20,,,LJRIAVXO_CDS_0036,-
Vibrio,33486,,25,,,LJRIAVXO_CDS_0036,-
Vibrio,33496,,18,,,LJRIAVXO_CDS_0036,-
Vibrio,33501,,4,,,LJRIAVXO_CDS_0036,-
Vibrio,33504,,7,,,LJRIAVXO_CDS_0036,-
Vibrio,33522,,6,,,LJRIAVXO_CDS_0036,-
Vibrio,33535,,0,,,LJRIAVXO_CDS_0036,-
Vibrio,33619,,6,,,LJRIAVXO_CDS_0036,-
Vibrio,33664,,1,,,LJRIAVXO_CDS_0036,-
Vibrio,33683,,2,,,LJRIAVXO_CDS_0036,-
Vibrio,33703,,26,,,LJRIAVXO_CDS_0036,-
Vibrio,33733,,2,,,LJRIAVXO_CDS_0036,-
Vibrio,33759,,1,,,LJRIAVXO_CDS_0036,-
Vibrio,33806,,10,,,LJRIAVXO_CDS_0036,-
Vibrio,33886,,10,,,LJRIAVXO_CDS_0036;LJRIAVXO_CDS_0037,-;-
Vibrio,33900,,2,,,LJRIAVXO_CDS_0036;LJRIAVXO_CDS_0037,-;-
Vibrio,33929,,0,,,LJRIAVXO_CDS_0037,-
Vibrio,33938,,0,,,LJRIAVXO_CDS_0037,-
Vibrio,33947,,5,,,LJRIAVXO_CDS_0037,-
Vibrio,33951,,0,,,LJRIAVXO_CDS_0037,-
Vibrio,34005,,0,,,LJRIAVXO_CDS_0037,-
Vibrio,34039,,0,,,LJRIAVXO_CDS_0037,-
Vibrio,34090,,3,,,LJRIAVXO_CDS_0037,-
Vibrio,34110,,0,,,LJRIAVXO_CDS_0037,-
Vibrio,34121,,0,,,LJRIAVXO_CDS_0037,-
Vibrio,34135,,0,,,LJRIAVXO_CDS_0037,-
Vibrio,34142,,0,,,LJRIAVXO_CDS_0037,-
Vibrio,34156,,0,,,LJRIAVXO_CDS_0037,-
Vibrio,34166,,0,,,LJRIAVXO_CDS_0037,-
Vibrio,34171,,0,,,LJRIAVXO_CDS_0037,-
Vibrio,34177,,0,,,LJRIAVXO_CDS_0037,-
Vibrio,34232,,8,,,LJRIAVXO_CDS_0037,-
Vibrio,34237,,0,,,LJRIAVXO_CDS_0037,-
Vibrio,34255,,0,,,LJRIAVXO_CDS_0038,-
Vibrio,34270,,3,,,LJRIAVXO_CDS_0038,-
Vibrio,34278,,3,,,LJRIAVXO_CDS_0038,-
Vibrio,34295,,0,,,LJRIAVXO_CDS_0038,-
Vibrio,34335,,0,,,LJRIAVXO_CDS_0038,-
Vibrio,34359,,2,,,LJRIAVXO_CDS_0038,-
Vibrio,34384,,4,,,LJRIAVXO_CDS_0038,-
Vibrio,34388,,7,,,LJRIAVXO_CDS_0038,-
Vibrio,34442,,0,,,LJRIAVXO_CDS_0038,-
Vibrio,34445,,0,,,LJRIAVXO_CDS_0038,-
Vibrio,34450,,0,,,LJRIAVXO_CDS_0038,-
Vibrio,34454,,0,,,LJRIAVXO_CDS_0038,-
Vibrio,34461,,0,,,LJRIAVXO_CDS_0038,-
Vibrio,34480,,2,,,LJRIAVXO_CDS_0038,-
Vibrio,34492,,0,,,LJRIAVXO_CDS_0038,-
Vibrio,34511,,0,,,LJRIAVXO_CDS_0038,-
Vibrio,34524,,3,,,LJRIAVXO_CDS_0038,-
Vibrio,34545,,15,,,LJRIAVXO_CDS_0038,-
Vibrio,34548,,3,,,LJRIAVXO_CDS_0038,-
Vibrio,34574,,0,,,LJRIAVXO_CDS_0038,-
Vibrio,34586,,0,,,,
Vibrio,34590,,16,,,,
Vibrio,34622,,1,,,LJRIAVXO_CDS_0039,-
Vibrio,34639,,5,,,LJRIAVXO_CDS_0039,-
Vibrio,34646,,2,,,LJRIAVXO_CDS_0039,-
Vibrio,34726,,12,,,LJRIAVXO_CDS_0039,-
Vibrio,34734,,0,,,LJRIAVXO_CDS_0039,-
Vibrio,34741,,12,,,LJRIAVXO_CDS_0039,-
Vibrio,34744,,0,,,LJRIAVXO_CDS_0039,-
Vibrio,34801,,0,,,LJRIAVXO_CDS_0039,-
Vibrio,34814,,7,,,LJRIAVXO_CDS_0039,-
Vibrio,34871,,0,,,LJRIAVXO_CDS_0039,-
Vibrio,35092,,6,,,LJRIAVXO_CDS_0039,-
Vibrio,35118,,1,,,LJRIAVXO_CDS_0039,-
Vibrio,35134,,0,,,LJRIAVXO_CDS_0039,-
Vibrio,35149,,6,,,LJRIAVXO_CDS_0039,-
Vibrio,35197,,1,,,LJRIAVXO_CDS_0039,-
Vibrio,35229,,4,,,LJRIAVXO_CDS_0039,-
Vibrio,35254,,45,,,LJRIAVXO_CDS_0039,-
Vibrio,35306,,7,,,LJRIAVXO_CDS_0039,-
Vibrio,35319,,5,,,LJRIAVXO_CDS_0039,-
Vibrio,35362,,0,,,LJRIAVXO_CDS_0039,-
Vibrio,35369,,3,,,LJRIAVXO_CDS_0039,-
Vibrio,35431,,5,,,LJRIAVXO_CDS_0039,-
Vibrio,35434,,4,,,LJRIAVXO_CDS_0039,-
Vibrio,35436,,4,,,LJRIAVXO_CDS_0039,-
Vibrio,35441,,2,,,LJRIAVXO_CDS_0039,-
Vibrio,35445,,7,,,LJRIAVXO_CDS_0039,-
Vibrio,35465,,4,,,,
Vibrio,35485,,3,,,,
Vibrio,35491,,0,,,LJRIAVXO_CDS_0040,-
Vibrio,35508,,0,,,LJRIAVXO_CDS_0040,-
Vibrio,35689,,0,,,LJRIAVXO_CDS_0040,-
Vibrio,35698,,0,,,LJRIAVXO_CDS_0040,-
Vibrio,35710,,3,,,LJRIAVXO_CDS_0040,-
Vibrio,35811,,3,,,LJRIAVXO_CDS_0040,-
Vibrio,35852,,0,,,LJRIAVXO_CDS_0040,-
Vibrio,35882,,0,,,LJRIAVXO_CDS_0040,-
Vibrio,35986,,7,,,LJRIAVXO_CDS_0041,-
Vibrio,35995,,6,,,LJRIAVXO_CDS_0041,-
Vibrio,36001,,2,,,LJRIAVXO_CDS_0041,-
Vibrio,36015,,4,,,LJRIAVXO_CDS_0041,-
Vibrio,36088,,6,,,LJRIAVXO_CDS_0041,-
Vibrio,36091,,4,,,LJRIAVXO_CDS_0041,-
Vibrio,36117,,0,,,LJRIAVXO_CDS_0041,-
Vibrio,36122,,9,,,LJRIAVXO_CDS_0041,-
Vibrio,36142,,7,,,LJRIAVXO_CDS_0041,-
Vibrio,36208,,4,,,LJRIAVXO_CDS_0041,-
Vibrio,36235,,11,,,LJRIAVXO_CDS_0041,-
Vibrio,36247,,2,,,LJRIAVXO_CDS_0041,-
Vibrio,36271,,1,,,LJRIAVXO_CDS_0041,-
Vibrio,36289,,1,,,LJRIAVXO_CDS_0041,-
Vibrio,36302,,8,,,LJRIAVXO_CDS_0041,-
Vibrio,36304,,12,,,LJRIAVXO_CDS_0041,-
Vibrio,36309,,8,,,LJRIAVXO_CDS_0041,-
Vibrio,36348,,5,,,LJRIAVXO_CDS_0041,-
Vibrio,36386,,2,,,LJRIAVXO_CDS_0041,-
Vibrio,36431,,3,,,LJRIAVXO_CDS_0041,-
Vibrio,36437,,0,,,LJRIAVXO_CDS_0041,-
Vibrio,36440,,0,,,LJRIAVXO_CDS_0042,-
Vibrio,36448,,0,,,LJRIAVXO_CDS_0042,-
Vibrio,36451,,0,,,LJRIAVXO_CDS_0042,-
Vibrio,36485,,0,,,LJRIAVXO_CDS_0042,-
Vibrio,36511,,0,,,LJRIAVXO_CDS_0042,-
Vibrio,36526,,0,,,LJRIAVXO_CDS_0042,-
Vibrio,36537,,0,,,LJRIAVXO_CDS_0042,-
Vibrio,36562,,2,,,LJRIAVXO_CDS_0043,-
Vibrio,36593,,2,,,LJRIAVXO_CDS_0043,-
Vibrio,36605,,0,,,LJRIAVXO_CDS_0043,-
Vibrio,36628,,4,,,LJRIAVXO_CDS_0043,-
Vibrio,36631,,0,,,LJRIAVXO_CDS_0043,-
Vibrio,36643,,0,,,LJRIAVXO_CDS_0043,-
Vibrio,36652,,0,,,LJRIAVXO_CDS_0043,-
Vibrio,36658,,12,,,LJRIAVXO_CDS_0043,-
Vibrio,36703,,0,,,LJRIAVXO_CDS_0043,-
Vibrio,36713,,0,,,LJRIAVXO_CDS_0043,-
Vibrio,36728,,1,,,LJRIAVXO_CDS_0043,-
Vibrio,36750,,0,,,LJRIAVXO_CDS_0043,-
Vibrio,36770,,23,,,LJRIAVXO_CDS_0043,-
Vibrio,36820,,0,,,,
Vibrio,36849,,7,,,LJRIAVXO_CDS_0044,-
Vibrio,36857,,2,,,LJRIAVXO_CDS_0044,-
Vibrio,36869,,4,,,LJRIAVXO_CDS_0044,-
Vibrio,36876,,4,,,LJRIAVXO_CDS_0044,-
Vibrio,36887,,7,,,LJRIAVXO_CDS_0044,-
Vibrio,36898,,28,,,LJRIAVXO_CDS_0044,-
Vibrio,36908,,0,,,LJRIAVXO_CDS_0044,-
Vibrio,36915,,4,,,LJRIAVXO_CDS_0044,-
Vibrio,36932,,6,,,LJRIAVXO_CDS_0044,-
Vibrio,36935,,0,,,LJRIAVXO_CDS_0044,-
Vibrio,36956,,0,,,LJRIAVXO_CDS_0044,-
Vibrio,36966,,9,,,LJRIAVXO_CDS_0044,-
Vibrio,36992,,4,,,LJRIAVXO_CDS_0044,-
Vibrio,37022,,9,,,LJRIAVXO_CDS_0044,-
Vibrio,37030,,2,,,LJRIAVXO_CDS_0044,-
Vibrio,37055,,1,,,LJRIAVXO_CDS_0044,-
Vibrio,37060,,0,,,LJRIAVXO_CDS_0044,-
Vibrio,37082,,12,,,LJRIAVXO_CDS_0044,-
Vibrio,37091,,8,,,LJRIAVXO_CDS_0044,-
Vibrio,37127,,2,,,LJRIAVXO_CDS_0044,-
Vibrio,37150,,0,,,,
Vibrio,37205,,0,,,,
Vibrio,37207,,0,,,,
Vibrio,37217,,0,,,,
Vibrio,37241,,20,,,,
Vibrio,37246,,5,,,LJRIAVXO_CDS_0045,-
Vibrio,37251,,0,,,LJRIAVXO_CDS_0045,-
Vibrio,37254,,0,,,LJRIAVXO_CDS_0045,-
Vibrio,37275,,2,,,LJRIAVXO_CDS_0045,-
Vibrio,37330,,0,,,LJRIAVXO_CDS_0045,-
Vibrio,37342,,0,,,LJRIAVXO_CDS_0045,-
Vibrio,37373,,0,,,LJRIAVXO_CDS_0045,-
Vibrio,37423,,0,,,LJRIAVXO_CDS_0045,-
Vibrio,37462,,0,,,LJRIAVXO_CDS_0045,-
Vibrio,37466,,0,,,LJRIAVXO_CDS_0045,-
Vibrio,37474,,0,,,LJRIAVXO_CDS_0045,-
Vibrio,37496,,6,,,LJRIAVXO_CDS_0046,-
Vibrio,37504,,6,,,LJRIAVXO_CDS_0046,-
Vibrio,37524,,1,,,LJRIAVXO_CDS_0046,-
Vibrio,37531,,1,,,LJRIAVXO_CDS_0046,-
Vibrio,37670,,0,,,LJRIAVXO_CDS_0046,-
Vibrio,37679,,9,,,LJRIAVXO_CDS_0046,-
Vibrio,37682,,9,,,LJRIAVXO_CDS_0046,-
Vibrio,37687,,9,,,LJRIAVXO_CDS_0046,-
Vibrio,37720,,0,,,LJRIAVXO_CDS_0046,-
Vibrio,37735,,6,,,LJRIAVXO_CDS_0046,-
Vibrio,37744,,5,,,LJRIAVXO_CDS_0046,-
Vibrio,37760,,14,,,LJRIAVXO_CDS_0046,-
Vibrio,37772,,7,,,LJRIAVXO_CDS_0046,-
Vibrio,37838,,5,,,LJRIAVXO_CDS_0046,-
Vibrio,37850,,12,,,LJRIAVXO_CDS_0046,-
Vibrio,37872,,9,,,LJRIAVXO_CDS_0046,-
Vibrio,37948,,20,,,LJRIAVXO_CDS_0046,-
Vibrio,37975,,4,,,LJRIAVXO_CDS_0046,-
Vibrio,38020,,2,,,LJRIAVXO_CDS_0046,-
Vibrio,38068,,6,,,LJRIAVXO_CDS_0046,-
Vibrio,38075,,5,,,LJRIAVXO_CDS_0046,-
Vibrio,38106,,5,,,,
Vibrio,38159,,4,,,,
Vibrio,38164,,0,,,LJRIAVXO_CDS_0047,-
Vibrio,38190,,0,,,LJRIAVXO_CDS_0047,-
Vibrio,38208,,0,,,LJRIAVXO_CDS_0047,-
Vibrio,38238,,0,,,LJRIAVXO_CDS_0047;LJRIAVXO_CDS_0048,-;-
Vibrio,38318,,2,,,LJRIAVXO_CDS_0048,-
Vibrio,38363,,1,,,LJRIAVXO_CDS_0048,-
Vibrio,38461,,10,,,LJRIAVXO_CDS_0048,-
Vibrio,38483,,0,,,LJRIAVXO_CDS_0048,-
Vibrio,38493,,0,,,LJRIAVXO_CDS_0048,-
Vibrio,38519,,0,,,LJRIAVXO_CDS_0048,-
Vibrio,38569,,3,,,LJRIAVXO_CDS_0049,-
Vibrio,38664,,11,,,LJRIAVXO_CDS_0049;LJRIAVXO_CDS_0050,-;-
Vibrio,38718,,0,,,LJRIAVXO_CDS_0050,-
Vibrio,38768,,0,,,LJRIAVXO_CDS_0050,-
Vibrio,38786,,0,,,LJRIAVXO_CDS_0050,-
Vibrio,38837,,0,,,LJRIAVXO_CDS_0050,-
Vibrio,38849,,0,,,LJRIAVXO_CDS_0050,-
Vibrio,38899,,0,,,LJRIAVXO_CDS_0050,-
Vibrio,38989,,7,,,LJRIAVXO_CDS_0050,-
Vibrio,38992,,0,,,LJRIAVXO_CDS_0050,-
Vibrio,38995,,0,,,LJRIAVXO_CDS_0050,-
Vibrio,39000,,0,,,LJRIAVXO_CDS_0050,-
Vibrio,39139,,6,,,LJRIAVXO_CDS_0051,-
Vibrio,39147,,4,,,LJRIAVXO_CDS_0051,-
Vibrio,39155,,5,,,LJRIAVXO_CDS_0051,-
Vibrio,39158,,6,,,LJRIAVXO_CDS_0051,-
Vibrio,39219,,5,,,LJRIAVXO_CDS_0051,-
Vibrio,39221,,2,,,LJRIAVXO_CDS_0051,-
Vibrio,39231,,10,,,LJRIAVXO_CDS_0051,-
Vibrio,39237,,1,,,LJRIAVXO_CDS_0051,-
Vibrio,39240,,5,,,LJRIAVXO_CDS_0051,-
Vibrio,39242,,5,,,LJRIAVXO_CDS_0051,-
Vibrio,39256,,4,,,LJRIAVXO_CDS_0051,-
Vibrio,39260,,3,,,LJRIAVXO_CDS_0051,-
Vibrio,39283,,12,,,LJRIAVXO_CDS_0051,-
Vibrio,39287,,2,,,LJRIAVXO_CDS_0051,-
Vibrio,39319,,0,,,LJRIAVXO_CDS_0051,-
Vibrio,39323,,12,,,LJRIAVXO_CDS_0051,-
Vibrio,39348,,2,,,LJRIAVXO_CDS_0051,-
Vibrio,39354,,7,,,LJRIAVXO_CDS_0051,-
Vibrio,39376,,3,,,LJRIAVXO_CDS_0051,-
Vibrio,39408,,5,,,LJRIAVXO_CDS_0051,-
Vibrio,39410,,5,,,LJRIAVXO_CDS_0051,-
Vibrio,39419,,8,,,LJRIAVXO_CDS_0051,-
